2026-04-11 05:52:54,255 - INFO - 🚀 Запуск приложения AutoFollow X
2026-04-11 05:52:56,505 - INFO - 📂 Загрузка конфигурации
2026-04-11 05:52:56,505 - INFO - ✅ Конфигурация загружена: прокси=http://8jBYEwxR:jn4hjipU@172.121.52.216:64538, cookies_path=C:/Users/Administrator/Desktop/twittersoftbycode/cookies.txt
2026-04-11 05:52:56,521 - INFO - 🤖 Telegram bot запущен
2026-04-11 05:54:03,474 - INFO - 🔍 Проверка прокси
2026-04-11 05:54:04,911 - ERROR - ❌ Ошибка проверки прокси: BrowserType.launch: Executable doesn't exist at C:\Users\ADMINI~1\AppData\Local\Temp\2\_MEI128042\playwright\driver\package\.local-browsers\chromium_headless_shell-1208\chrome-headless-shell-win64\chrome-headless-shell.exe
╔════════════════════════════════════════════════════════════╗
║ Looks like Playwright was just installed or updated.       ║
║ Please run the following command to download new browsers: ║
║                                                            ║
║     playwright install                                     ║
║                                                            ║
║ <3 Playwright Team                                         ║
╚════════════════════════════════════════════════════════════╝
2026-04-11 06:08:25,505 - INFO - 🚀 Запуск приложения AutoFollow X
2026-04-11 06:08:26,989 - INFO - 📂 Загрузка конфигурации
2026-04-11 06:08:27,005 - INFO - ✅ Конфигурация загружена: прокси=http://8jBYEwxR:jn4hjipU@172.121.52.216:64538, cookies_path=C:/Users/Administrator/Desktop/twittersoftbycode/cookies.txt
2026-04-11 06:08:27,020 - INFO - 🤖 Telegram bot запущен
2026-04-11 06:08:40,405 - INFO - 🔍 Проверка прокси
2026-04-11 06:08:41,693 - ERROR - ❌ Ошибка проверки прокси: BrowserType.launch: Executable doesn't exist at C:\Users\ADMINI~1\AppData\Local\Temp\2\_MEI91962\playwright\driver\package\.local-browsers\chromium_headless_shell-1208\chrome-headless-shell-win64\chrome-headless-shell.exe
╔════════════════════════════════════════════════════════════╗
║ Looks like Playwright was just installed or updated.       ║
║ Please run the following command to download new browsers: ║
║                                                            ║
║     playwright install                                     ║
║                                                            ║
║ <3 Playwright Team                                         ║
╚════════════════════════════════════════════════════════════╝
2026-04-11 06:21:34,316 - INFO - 🚀 Запуск приложения AutoFollow X
2026-04-11 06:21:35,754 - INFO - 📂 Загрузка конфигурации
2026-04-11 06:21:35,770 - INFO - ✅ Конфигурация загружена: прокси=http://8jBYEwxR:jn4hjipU@172.121.52.216:64538, cookies_path=C:/Users/Administrator/Desktop/twittersoftbycode/cookies.txt
2026-04-11 06:21:35,770 - INFO - 🤖 Telegram bot запущен
2026-04-11 06:21:45,758 - INFO - 🔍 Проверка прокси
2026-04-11 06:21:46,437 - ERROR - ❌ Ошибка проверки прокси: BrowserType.launch: Executable doesn't exist at C:\Users\ADMINI~1\AppData\Local\Temp\2\_MEI91362\browsers\chromium_headless_shell-1208\chrome-headless-shell-win64\chrome-headless-shell.exe
╔════════════════════════════════════════════════════════════╗
║ Looks like Playwright was just installed or updated.       ║
║ Please run the following command to download new browsers: ║
║                                                            ║
║     playwright install                                     ║
║                                                            ║
║ <3 Playwright Team                                         ║
╚════════════════════════════════════════════════════════════╝
2026-04-11 06:23:21,079 - INFO - 🔍 Проверка прокси
2026-04-11 06:23:21,705 - ERROR - ❌ Ошибка проверки прокси: BrowserType.launch: Executable doesn't exist at C:\Users\ADMINI~1\AppData\Local\Temp\2\_MEI91362\browsers\chromium_headless_shell-1208\chrome-headless-shell-win64\chrome-headless-shell.exe
╔════════════════════════════════════════════════════════════╗
║ Looks like Playwright was just installed or updated.       ║
║ Please run the following command to download new browsers: ║
║                                                            ║
║     playwright install                                     ║
║                                                            ║
║ <3 Playwright Team                                         ║
╚════════════════════════════════════════════════════════════╝
2026-04-11 06:23:37,738 - INFO - 🚀 Запуск приложения AutoFollow X
2026-04-11 06:23:39,082 - INFO - 📂 Загрузка конфигурации
2026-04-11 06:23:39,082 - INFO - ✅ Конфигурация загружена: прокси=http://8jBYEwxR:jn4hjipU@172.121.52.216:64538, cookies_path=C:/Users/Administrator/Desktop/twittersoftbycode/cookies.txt
2026-04-11 06:23:39,082 - INFO - 🤖 Telegram bot запущен
2026-04-11 06:23:46,467 - INFO - 🔍 Проверка прокси
2026-04-11 06:23:47,231 - ERROR - ❌ Ошибка проверки прокси: BrowserType.launch: Executable doesn't exist at C:\Users\ADMINI~1\AppData\Local\Temp\2\_MEI20402\browsers\chromium_headless_shell-1208\chrome-headless-shell-win64\chrome-headless-shell.exe
╔════════════════════════════════════════════════════════════╗
║ Looks like Playwright was just installed or updated.       ║
║ Please run the following command to download new browsers: ║
║                                                            ║
║     playwright install                                     ║
║                                                            ║
║ <3 Playwright Team                                         ║
╚════════════════════════════════════════════════════════════╝
2026-04-11 06:29:57,214 - INFO - 🚀 Запуск приложения AutoFollow X
2026-04-11 06:29:59,725 - INFO - 📂 Загрузка конфигурации
2026-04-11 06:29:59,732 - INFO - ✅ Конфигурация загружена: прокси=http://8jBYEwxR:jn4hjipU@172.121.52.216:64538, cookies_path=C:/Users/Administrator/Desktop/twittersoftbycode/cookies.txt
2026-04-11 06:29:59,753 - INFO - 🤖 Telegram bot запущен
2026-04-11 06:30:06,853 - INFO - 🔍 Проверка прокси
2026-04-11 06:30:09,891 - INFO - ✅ Прокси работает!
2026-04-11 06:30:11,013 - INFO - 💾 Сохранение конфигурации
2026-04-11 06:30:11,019 - INFO - ✅ Конфигурация сохранена
2026-04-11 06:30:14,115 - INFO - 📂 Выбор файла со строками
2026-04-11 06:30:20,105 - INFO - ✅ Загружено 218 строк из C:/Users/Administrator/Desktop/twittersoftbycode/apri8str500.txt
2026-04-11 06:30:23,132 - INFO - 💾 Сохранение конфигурации
2026-04-11 06:30:23,135 - INFO - ✅ Конфигурация сохранена
2026-04-11 06:30:23,862 - INFO - 🚀 run_process ЗАПУЩЕН — начинаем обработку
2026-04-11 06:30:36,561 - INFO - 🔄 Обработка профиля: https://x.com/ProfitFry
2026-04-11 06:30:47,315 - INFO - 🔍 Проверка даты последних 2 твитов...
2026-04-11 06:30:47,375 - INFO - 📅 Твит #1: 2022-02-21 (год 2022)
2026-04-11 06:30:52,064 - ERROR - ❌ Ошибка при проверке дат твитов: Locator.get_attribute: Error: strict mode violation: locator("article[data-testid=\"tweet\"]").nth(1).locator("time") resolved to 2 elements:
    1) <time datetime="2026-04-10T16:33:15.000Z">20h</time> aka get_by_role("article", name="pete @ProfitFry 20 hours ago Yup Quote zerohedge Verified account @zerohedge 22").get_by_label("20 hours ago")
    2) <time datetime="2026-04-10T15:23:07.000Z">22h</time> aka get_by_role("link", name="zerohedge Verified account @")

Call log:
  - waiting for locator("article[data-testid=\"tweet\"]").nth(1).locator("time")

2026-04-11 06:30:52,086 - INFO - ⛔ Пропуск неактивного профиля (твиты до 2025): https://x.com/ProfitFry
2026-04-11 06:30:52,106 - INFO - ✅ Сохранена отработанная строка: 0xd6c3a2eaf92c2d2baf77cf32e22a361cae9a9367 https:/...
2026-04-11 06:30:52,124 - INFO - 🗑 Удалена строка: 0xd6c3a2eaf92c2d2baf77cf32e22a361cae9a9367 https:/...
2026-04-11 06:30:52,144 - INFO - 🔄 Обработка профиля: https://x.com/BhateleSwadesh
2026-04-11 06:31:07,596 - INFO - 🔍 Проверка даты последних 2 твитов...
2026-04-11 06:31:07,655 - INFO - 📅 Твит #1: 2025-12-10 (год 2025)
2026-04-11 06:31:07,681 - INFO - 📅 Твит #2: 2025-12-10 (год 2025)
2026-04-11 06:31:07,690 - INFO - ✅ Есть хотя бы один твит 2025+ — продолжаем
2026-04-11 06:31:07,710 - INFO - 👥 Фолловеров: 190 (найдено: 190)
2026-04-11 06:31:12,889 - INFO - 🌍 Страна: India
2026-04-11 06:31:12,910 - INFO - ✅ Страна India — OK
2026-04-11 06:31:20,143 - INFO - ✅ Follow выполнен для https://x.com/BhateleSwadesh
2026-04-11 06:31:24,157 - INFO - ❤️ Будем ставить 1 случайных лайка(ов) на профиле https://x.com/BhateleSwadesh
2026-04-11 06:31:27,160 - INFO - ✅ Поставлен лайк #1/1 на профиле https://x.com/BhateleSwadesh
2026-04-11 06:31:27,177 - INFO - ✅ Сохранена отработанная строка: 0x32267d604f90acaf3469d7f34e5458093911fa9f https:/...
2026-04-11 06:31:27,196 - INFO - 🗑 Удалена строка: 0x32267d604f90acaf3469d7f34e5458093911fa9f https:/...
2026-04-11 06:31:27,213 - INFO - ⏳ Случайная задержка: 5 минут (мин 3)
2026-04-11 06:36:27,247 - INFO - 🔄 Обработка профиля: https://x.com/Haggardg7
2026-04-11 06:36:40,773 - INFO - 🔍 Проверка даты последних 2 твитов...
2026-04-11 06:36:40,855 - INFO - 📅 Твит #1: 2026-04-11 (год 2026)
2026-04-11 06:36:40,883 - INFO - 📅 Твит #2: 2026-04-10 (год 2026)
2026-04-11 06:36:40,895 - INFO - ✅ Есть хотя бы один твит 2025+ — продолжаем
2026-04-11 06:36:40,914 - INFO - 👥 Фолловеров: 162 (найдено: 162)
2026-04-11 06:36:46,065 - INFO - 🌍 Страна: Greece
2026-04-11 06:36:46,078 - INFO - ✅ Страна Greece — OK
2026-04-11 06:36:53,250 - INFO - ✅ Follow выполнен для https://x.com/Haggardg7
2026-04-11 06:36:57,261 - INFO - ❤️ Будем ставить 1 случайных лайка(ов) на профиле https://x.com/Haggardg7
2026-04-11 06:36:59,648 - INFO - ✅ Поставлен лайк #1/1 на профиле https://x.com/Haggardg7
2026-04-11 06:36:59,670 - INFO - ✅ Сохранена отработанная строка: 0x76e626227336db53c7fa87fbeb43e283bd5d7ed9 https:/...
2026-04-11 06:36:59,700 - INFO - 🗑 Удалена строка: 0x76e626227336db53c7fa87fbeb43e283bd5d7ed9 https:/...
2026-04-11 06:36:59,722 - INFO - ⏳ Случайная задержка: 5 минут (мин 3)
2026-04-11 06:41:59,747 - INFO - 🔄 Обработка профиля: https://x.com/bart_crypt0
2026-04-11 06:42:10,979 - INFO - 🔍 Проверка даты последних 2 твитов...
2026-04-11 06:42:11,075 - INFO - 📅 Твит #1: 2026-03-29 (год 2026)
2026-04-11 06:42:11,094 - INFO - 📅 Твит #2: 2026-03-29 (год 2026)
2026-04-11 06:42:11,114 - INFO - ✅ Есть хотя бы один твит 2025+ — продолжаем
2026-04-11 06:42:11,142 - INFO - 👥 Фолловеров: 17 (найдено: 17)
2026-04-11 06:42:16,279 - INFO - 🌍 Страна: France
2026-04-11 06:42:16,293 - INFO - ✅ Страна France — OK
2026-04-11 06:42:23,515 - INFO - ✅ Follow выполнен для https://x.com/bart_crypt0
2026-04-11 06:42:27,531 - INFO - ❤️ Будем ставить 1 случайных лайка(ов) на профиле https://x.com/bart_crypt0
2026-04-11 06:42:30,558 - INFO - ✅ Поставлен лайк #1/1 на профиле https://x.com/bart_crypt0
2026-04-11 06:42:30,572 - INFO - ✅ Сохранена отработанная строка: 0xd8d5b0f7219aed171efb5ae2ac3b9941206f7349 https:/...
2026-04-11 06:42:30,590 - INFO - 🗑 Удалена строка: 0xd8d5b0f7219aed171efb5ae2ac3b9941206f7349 https:/...
2026-04-11 06:42:30,610 - INFO - ⏳ Случайная задержка: 4 минут (мин 3)
2026-04-11 06:46:30,638 - INFO - 🔄 Обработка профиля: https://x.com/UnoCrypto
2026-04-11 06:46:44,881 - INFO - 🔍 Проверка даты последних 2 твитов...
2026-04-11 06:46:44,949 - INFO - 📅 Твит #1: 2025-11-04 (год 2025)
2026-04-11 06:46:44,973 - INFO - 📅 Твит #2: 2025-10-30 (год 2025)
2026-04-11 06:46:44,986 - INFO - ✅ Есть хотя бы один твит 2025+ — продолжаем
2026-04-11 06:46:45,013 - INFO - 👥 Фолловеров: 127 (найдено: 127)
2026-04-11 06:46:50,152 - INFO - 🌍 Страна: Australia
2026-04-11 06:46:50,171 - INFO - ✅ Страна Australia — OK
2026-04-11 06:46:57,341 - INFO - ✅ Follow выполнен для https://x.com/UnoCrypto
2026-04-11 06:47:01,359 - INFO - ❤️ Будем ставить 1 случайных лайка(ов) на профиле https://x.com/UnoCrypto
2026-04-11 06:47:03,575 - INFO - ✅ Поставлен лайк #1/1 на профиле https://x.com/UnoCrypto
2026-04-11 06:47:03,589 - INFO - ✅ Сохранена отработанная строка: 0x4ffaa20f217d5117b57fd6ff0e70e069029f5553 https:/...
2026-04-11 06:47:03,613 - INFO - 🗑 Удалена строка: 0x4ffaa20f217d5117b57fd6ff0e70e069029f5553 https:/...
2026-04-11 06:47:03,631 - INFO - ⏳ Случайная задержка: 3 минут (мин 3)
2026-04-11 06:50:03,652 - INFO - 🔄 Обработка профиля: https://x.com/DJohnson_CPA
2026-04-11 06:50:14,087 - INFO - 🔍 Проверка даты последних 2 твитов...
2026-04-11 06:50:14,151 - INFO - 📅 Твит #1: 2026-02-22 (год 2026)
2026-04-11 06:50:14,989 - ERROR - ❌ Ошибка при проверке дат твитов: Locator.get_attribute: Error: strict mode violation: locator("article[data-testid=\"tweet\"]").nth(1).locator("time") resolved to 2 elements:
    1) <time datetime="2026-01-07T19:20:41.000Z">Jan 7</time> aka get_by_role("link", name="Jan 7", exact=True)
    2) <time datetime="2026-01-07T16:26:25.000Z">Jan 7</time> aka get_by_role("link", name="Square profile picture The")

Call log:
  - waiting for locator("article[data-testid=\"tweet\"]").nth(1).locator("time")

2026-04-11 06:50:15,051 - INFO - ⛔ Пропуск неактивного профиля (твиты до 2025): https://x.com/DJohnson_CPA
2026-04-11 06:50:15,083 - INFO - ✅ Сохранена отработанная строка: 0xc28d30dd716a40b0c19215b732ce7be0e80a5098 https:/...
2026-04-11 06:50:15,098 - INFO - 🗑 Удалена строка: 0xc28d30dd716a40b0c19215b732ce7be0e80a5098 https:/...
2026-04-11 06:50:15,114 - INFO - 🔄 Обработка профиля: https://x.com/ahmedsamaka897
2026-04-11 06:50:29,509 - INFO - 🔍 Проверка даты последних 2 твитов...
2026-04-11 06:50:29,565 - INFO - 📅 Твит #1: 2023-07-13 (год 2023)
2026-04-11 06:50:29,586 - INFO - 📅 Твит #2: 2023-06-20 (год 2023)
2026-04-11 06:50:29,598 - INFO - ⛔ Последние 2 твита до 2025 года — удаляем строку
2026-04-11 06:50:29,607 - INFO - ⛔ Пропуск неактивного профиля (твиты до 2025): https://x.com/ahmedsamaka897
2026-04-11 06:50:29,638 - INFO - ✅ Сохранена отработанная строка: 0x70db79d17fb973a39bc57cdc88f9957ca2c2a4a3 https:/...
2026-04-11 06:50:29,661 - INFO - 🗑 Удалена строка: 0x70db79d17fb973a39bc57cdc88f9957ca2c2a4a3 https:/...
2026-04-11 06:50:29,672 - INFO - 🔄 Обработка профиля: https://x.com/ZagrosBokan
2026-04-11 06:50:43,256 - INFO - 🔍 Проверка даты последних 2 твитов...
2026-04-11 06:50:43,310 - INFO - 📅 Твит #1: 2025-09-05 (год 2025)
2026-04-11 06:50:43,336 - INFO - 📅 Твит #2: 2025-08-14 (год 2025)
2026-04-11 06:50:43,345 - INFO - ✅ Есть хотя бы один твит 2025+ — продолжаем
2026-04-11 06:50:43,367 - INFO - 👥 Фолловеров: 88 (найдено: 88)
2026-04-11 06:50:48,550 - INFO - 🌍 Страна: Romania
2026-04-11 06:50:48,562 - INFO - ✅ Страна Romania — OK
2026-04-11 06:50:55,773 - INFO - ✅ Follow выполнен для https://x.com/ZagrosBokan
2026-04-11 06:50:59,792 - INFO - ❤️ Будем ставить 1 случайных лайка(ов) на профиле https://x.com/ZagrosBokan
2026-04-11 06:51:03,375 - INFO - ✅ Поставлен лайк #1/1 на профиле https://x.com/ZagrosBokan
2026-04-11 06:51:03,391 - INFO - ✅ Сохранена отработанная строка: 0x843f8770a6b328683fbdbc74c7f411d7bf041d50 https:/...
2026-04-11 06:51:03,403 - INFO - 🗑 Удалена строка: 0x843f8770a6b328683fbdbc74c7f411d7bf041d50 https:/...
2026-04-11 06:51:03,422 - INFO - ⏳ Случайная задержка: 5 минут (мин 3)
2026-04-11 06:56:03,441 - INFO - 🔄 Обработка профиля: https://x.com/ijazjlm1
2026-04-11 06:56:22,338 - INFO - 🔍 Проверка даты последних 2 твитов...
2026-04-11 06:56:22,407 - INFO - 📅 Твит #1: 2025-10-22 (год 2025)
2026-04-11 06:56:22,434 - INFO - 📅 Твит #2: 2025-10-14 (год 2025)
2026-04-11 06:56:22,449 - INFO - ✅ Есть хотя бы один твит 2025+ — продолжаем
2026-04-11 06:56:22,474 - INFO - 👥 Фолловеров: 77 (найдено: 77)
2026-04-11 06:56:27,621 - INFO - 🌍 Страна: United Kingdom
2026-04-11 06:56:27,635 - INFO - ✅ Страна United Kingdom — OK
2026-04-11 06:56:34,797 - INFO - ✅ Follow выполнен для https://x.com/ijazjlm1
2026-04-11 06:56:38,809 - INFO - ❤️ Будем ставить 1 случайных лайка(ов) на профиле https://x.com/ijazjlm1
2026-04-11 06:56:41,316 - INFO - ✅ Поставлен лайк #1/1 на профиле https://x.com/ijazjlm1
2026-04-11 06:56:41,327 - INFO - ✅ Сохранена отработанная строка: 0xe688773c387d91acd06f3c8eb8e89b706bdc345f https:/...
2026-04-11 06:56:41,352 - INFO - 🗑 Удалена строка: 0xe688773c387d91acd06f3c8eb8e89b706bdc345f https:/...
2026-04-11 06:56:41,374 - INFO - ⏳ Случайная задержка: 5 минут (мин 3)
2026-04-11 07:01:41,390 - INFO - 🔄 Обработка профиля: https://x.com/kryptyk5
2026-04-11 07:01:54,294 - INFO - 🔍 Проверка даты последних 2 твитов...
2026-04-11 07:01:54,373 - INFO - 📅 Твит #1: 2026-02-20 (год 2026)
2026-04-11 07:01:54,401 - INFO - 📅 Твит #2: 2025-12-30 (год 2025)
2026-04-11 07:01:54,416 - INFO - ✅ Есть хотя бы один твит 2025+ — продолжаем
2026-04-11 07:01:54,448 - INFO - 👥 Фолловеров: 178 (найдено: 178)
2026-04-11 07:01:59,586 - INFO - 🌍 Страна: Korea
2026-04-11 07:01:59,604 - INFO - ✅ Страна Korea — OK
2026-04-11 07:02:06,805 - INFO - ✅ Follow выполнен для https://x.com/kryptyk5
2026-04-11 07:02:10,830 - INFO - ❤️ Будем ставить 1 случайных лайка(ов) на профиле https://x.com/kryptyk5
2026-04-11 07:02:13,112 - INFO - ✅ Поставлен лайк #1/1 на профиле https://x.com/kryptyk5
2026-04-11 07:02:13,125 - INFO - ✅ Сохранена отработанная строка: 0xb9651d9ac8b43028b9f35c4395ff2491c6c4e0bd https:/...
2026-04-11 07:02:13,140 - INFO - 🗑 Удалена строка: 0xb9651d9ac8b43028b9f35c4395ff2491c6c4e0bd https:/...
2026-04-11 07:02:13,163 - INFO - ⏳ Случайная задержка: 4 минут (мин 3)
2026-04-11 07:06:13,185 - INFO - 🔄 Обработка профиля: https://x.com/sweepbaseHQ
2026-04-11 07:06:32,701 - INFO - 🔍 Проверка даты последних 2 твитов...
2026-04-11 07:06:50,720 - ERROR - ❌ Ошибка при проверке дат твитов: Page.wait_for_selector: Timeout 18000ms exceeded.
Call log:
  - waiting for locator("article[data-testid=\"tweet\"]") to be visible

2026-04-11 07:06:50,739 - INFO - ⛔ Пропуск неактивного профиля (твиты до 2025): https://x.com/sweepbaseHQ
2026-04-11 07:06:50,752 - INFO - ✅ Сохранена отработанная строка: 0xbfb496acb99299e9ece84b3fd1b3fdd0f6cddf49 https:/...
2026-04-11 07:06:50,770 - INFO - 🗑 Удалена строка: 0xbfb496acb99299e9ece84b3fd1b3fdd0f6cddf49 https:/...
2026-04-11 07:06:50,784 - INFO - 🔄 Обработка профиля: https://x.com/0xfanzy
2026-04-11 07:07:06,406 - INFO - 🔍 Проверка даты последних 2 твитов...
2026-04-11 07:07:06,472 - INFO - 📅 Твит #1: 2026-03-15 (год 2026)
2026-04-11 07:07:06,492 - INFO - 📅 Твит #2: 2026-03-30 (год 2026)
2026-04-11 07:07:06,501 - INFO - ✅ Есть хотя бы один твит 2025+ — продолжаем
2026-04-11 07:07:06,522 - INFO - 👥 Фолловеров: 365 (найдено: 365)
2026-04-11 07:07:11,662 - INFO - 🌍 Страна: Southeast Asia
2026-04-11 07:07:11,672 - INFO - ✅ Страна Southeast Asia — OK
2026-04-11 07:07:18,871 - INFO - ✅ Follow выполнен для https://x.com/0xfanzy
2026-04-11 07:07:22,890 - INFO - ❤️ Будем ставить 0 случайных лайка(ов) на профиле https://x.com/0xfanzy
2026-04-11 07:07:22,920 - INFO - ✅ Сохранена отработанная строка: 0xd6d377819a5920218e95f8a396b89932187508dc https:/...
2026-04-11 07:07:22,935 - INFO - 🗑 Удалена строка: 0xd6d377819a5920218e95f8a396b89932187508dc https:/...
2026-04-11 07:07:22,949 - INFO - ⏳ Случайная задержка: 5 минут (мин 3)
2026-04-11 07:12:22,968 - INFO - 🔄 Обработка профиля: https://x.com/slu_jj
2026-04-11 07:12:36,992 - INFO - 🔍 Проверка даты последних 2 твитов...
2026-04-11 07:12:37,039 - INFO - 📅 Твит #1: 2025-06-30 (год 2025)
2026-04-11 07:12:37,060 - INFO - 📅 Твит #2: 2025-05-06 (год 2025)
2026-04-11 07:12:37,075 - INFO - ✅ Есть хотя бы один твит 2025+ — продолжаем
2026-04-11 07:12:37,099 - INFO - 👥 Фолловеров: 150 (найдено: 150)
2026-04-11 07:12:42,242 - INFO - 🌍 Страна: Korea
2026-04-11 07:12:42,258 - INFO - ✅ Страна Korea — OK
2026-04-11 07:12:49,426 - INFO - ✅ Follow выполнен для https://x.com/slu_jj
2026-04-11 07:12:53,437 - INFO - ❤️ Будем ставить 1 случайных лайка(ов) на профиле https://x.com/slu_jj
2026-04-11 07:12:56,401 - INFO - ✅ Поставлен лайк #1/1 на профиле https://x.com/slu_jj
2026-04-11 07:12:56,417 - INFO - ✅ Сохранена отработанная строка: 0x53d32431bb98f95a6dd4b72171d0ac563a00abe6 https:/...
2026-04-11 07:12:56,442 - INFO - 🗑 Удалена строка: 0x53d32431bb98f95a6dd4b72171d0ac563a00abe6 https:/...
2026-04-11 07:12:56,454 - INFO - ⏳ Случайная задержка: 4 минут (мин 3)
2026-04-11 07:16:56,474 - INFO - 🔄 Обработка профиля: https://x.com/LenaGramling
2026-04-11 07:17:09,297 - INFO - 🔍 Проверка даты последних 2 твитов...
2026-04-11 07:17:09,379 - INFO - 📅 Твит #1: 2026-04-09 (год 2026)
2026-04-11 07:17:09,401 - INFO - 📅 Твит #2: 2026-04-04 (год 2026)
2026-04-11 07:17:09,412 - INFO - ✅ Есть хотя бы один твит 2025+ — продолжаем
2026-04-11 07:17:09,442 - INFO - 👥 Фолловеров: 143 (найдено: 143)
2026-04-11 07:17:14,587 - INFO - 🌍 Страна: Lithuania
2026-04-11 07:17:14,596 - INFO - ✅ Страна Lithuania — OK
2026-04-11 07:17:21,817 - INFO - ✅ Follow выполнен для https://x.com/LenaGramling
2026-04-11 07:17:25,832 - INFO - ❤️ Будем ставить 1 случайных лайка(ов) на профиле https://x.com/LenaGramling
2026-04-11 07:17:28,493 - INFO - ✅ Поставлен лайк #1/1 на профиле https://x.com/LenaGramling
2026-04-11 07:17:28,510 - INFO - ✅ Сохранена отработанная строка: 0x319977e961a5b86638508dcdb87c4e9d0311ee1a https:/...
2026-04-11 07:17:28,521 - INFO - 🗑 Удалена строка: 0x319977e961a5b86638508dcdb87c4e9d0311ee1a https:/...
2026-04-11 07:17:28,543 - INFO - ⏳ Случайная задержка: 3 минут (мин 3)
2026-04-11 07:20:28,563 - INFO - 🔄 Обработка профиля: https://x.com/junejatanmay
2026-04-11 07:20:38,479 - INFO - 🔍 Проверка даты последних 2 твитов...
2026-04-11 07:20:38,540 - INFO - 📅 Твит #1: 2026-01-21 (год 2026)
2026-04-11 07:20:38,561 - INFO - 📅 Твит #2: 2026-01-21 (год 2026)
2026-04-11 07:20:38,575 - INFO - ✅ Есть хотя бы один твит 2025+ — продолжаем
2026-04-11 07:20:38,599 - INFO - 👥 Фолловеров: 459 (найдено: 459)
2026-04-11 07:20:43,722 - INFO - 🌍 Страна: India
2026-04-11 07:20:43,738 - INFO - ✅ Страна India — OK
2026-04-11 07:20:50,946 - INFO - ✅ Follow выполнен для https://x.com/junejatanmay
2026-04-11 07:20:54,963 - INFO - ❤️ Будем ставить 0 случайных лайка(ов) на профиле https://x.com/junejatanmay
2026-04-11 07:20:54,984 - INFO - ✅ Сохранена отработанная строка: 0xe71ed20933d73818f40cc9481b9633fa689f0bda https:/...
2026-04-11 07:20:55,003 - INFO - 🗑 Удалена строка: 0xe71ed20933d73818f40cc9481b9633fa689f0bda https:/...
2026-04-11 07:20:55,016 - INFO - ⏳ Случайная задержка: 3 минут (мин 3)
2026-04-11 07:23:55,032 - INFO - 🔄 Обработка профиля: https://x.com/cristo_xyz
2026-04-11 07:24:06,641 - INFO - 🔍 Проверка даты последних 2 твитов...
2026-04-11 07:24:06,717 - INFO - 📅 Твит #1: 2026-01-20 (год 2026)
2026-04-11 07:24:06,741 - INFO - 📅 Твит #2: 2025-12-27 (год 2025)
2026-04-11 07:24:06,759 - INFO - ✅ Есть хотя бы один твит 2025+ — продолжаем
2026-04-11 07:24:06,781 - INFO - 👥 Фолловеров: 42 (найдено: 42)
2026-04-11 07:24:11,911 - INFO - 🌍 Страна: Australia
2026-04-11 07:24:11,932 - INFO - ✅ Страна Australia — OK
2026-04-11 07:24:19,116 - INFO - ✅ Follow выполнен для https://x.com/cristo_xyz
2026-04-11 07:24:23,133 - INFO - ❤️ Будем ставить 0 случайных лайка(ов) на профиле https://x.com/cristo_xyz
2026-04-11 07:24:23,161 - INFO - ✅ Сохранена отработанная строка: 0xcaae84e7a9eaf3084df29954c027803579942a8a https:/...
2026-04-11 07:24:23,174 - INFO - 🗑 Удалена строка: 0xcaae84e7a9eaf3084df29954c027803579942a8a https:/...
2026-04-11 07:24:23,187 - INFO - ⏳ Случайная задержка: 4 минут (мин 3)
2026-04-11 07:28:23,204 - INFO - 🔄 Обработка профиля: https://x.com/nyslov2
2026-04-11 07:28:37,797 - INFO - 🔍 Проверка даты последних 2 твитов...
2026-04-11 07:28:37,854 - INFO - 📅 Твит #1: 2025-12-03 (год 2025)
2026-04-11 07:28:37,882 - INFO - 📅 Твит #2: 2025-06-04 (год 2025)
2026-04-11 07:28:37,901 - INFO - ✅ Есть хотя бы один твит 2025+ — продолжаем
2026-04-11 07:28:37,935 - INFO - 👥 Фолловеров: 220 (найдено: 220)
2026-04-11 07:28:43,094 - INFO - 🌍 Страна: Korea
2026-04-11 07:28:43,106 - INFO - ✅ Страна Korea — OK
2026-04-11 07:28:50,299 - INFO - ✅ Follow выполнен для https://x.com/nyslov2
2026-04-11 07:28:54,315 - INFO - ❤️ Будем ставить 0 случайных лайка(ов) на профиле https://x.com/nyslov2
2026-04-11 07:28:54,343 - INFO - ✅ Сохранена отработанная строка: 0xa17456c07fad4b1764345af62f4fa26b3102b00a https:/...
2026-04-11 07:28:54,362 - INFO - 🗑 Удалена строка: 0xa17456c07fad4b1764345af62f4fa26b3102b00a https:/...
2026-04-11 07:28:54,377 - INFO - ⏳ Случайная задержка: 3 минут (мин 3)
2026-04-11 07:31:54,388 - INFO - 🔄 Обработка профиля: https://x.com/gammaa11
2026-04-11 07:32:20,665 - INFO - 🔍 Проверка даты последних 2 твитов...
2026-04-11 07:32:20,834 - INFO - 📅 Твит #1: 2025-08-19 (год 2025)
2026-04-11 07:32:26,410 - ERROR - ❌ Ошибка при проверке дат твитов: Locator.get_attribute: Error: strict mode violation: locator("article[data-testid=\"tweet\"]").nth(1).locator("time") resolved to 2 elements:
    1) <time datetime="2025-08-18T14:03:38.000Z">Aug 18, 2025</time> aka get_by_role("article", name=".base.ink.eth 🐐 زهره البنفسج @gammaa11 Aug 18, 2025 #SentientAGI #GRID Quote").get_by_label("Aug 18,")
    2) <time datetime="2025-08-15T19:30:02.000Z">Aug 15, 2025</time> aka get_by_role("link", name="Square profile picture Sentient Verified account @SentientAGI Aug 15, 2025")

Call log:
  - waiting for locator("article[data-testid=\"tweet\"]").nth(1).locator("time")

2026-04-11 07:32:26,456 - INFO - ⛔ Пропуск неактивного профиля (твиты до 2025): https://x.com/gammaa11
2026-04-11 07:32:26,472 - INFO - ✅ Сохранена отработанная строка: 0xce971aa0da23034bdbaa96fcb223e0446cbc62d2 https:/...
2026-04-11 07:32:26,472 - INFO - 🗑 Удалена строка: 0xce971aa0da23034bdbaa96fcb223e0446cbc62d2 https:/...
2026-04-11 07:32:26,503 - INFO - 🔄 Обработка профиля: https://x.com/LeafsFud
2026-04-11 07:32:45,595 - INFO - 🔍 Проверка даты последних 2 твитов...
2026-04-11 07:32:45,714 - ERROR - ❌ Ошибка при проверке дат твитов: Locator.get_attribute: Error: strict mode violation: locator("article[data-testid=\"tweet\"]").first.locator("time") resolved to 2 elements:
    1) <time datetime="2026-04-11T08:57:49.000Z">5h</time> aka get_by_role("link", name="5 hours ago")
    2) <time datetime="2026-04-10T22:18:45.000Z">16h</time> aka get_by_role("link", name="Square profile picture Irish")

Call log:
  - waiting for locator("article[data-testid=\"tweet\"]").first.locator("time")

2026-04-11 07:32:45,724 - INFO - ⛔ Пропуск неактивного профиля (твиты до 2025): https://x.com/LeafsFud
2026-04-11 07:32:45,737 - INFO - ✅ Сохранена отработанная строка: 0x38f610682181433e04862578d134282628965ebc https:/...
2026-04-11 07:32:45,760 - INFO - 🗑 Удалена строка: 0x38f610682181433e04862578d134282628965ebc https:/...
2026-04-11 07:32:45,771 - INFO - 🔄 Обработка профиля: https://x.com/Parpar166
2026-04-11 07:33:01,410 - INFO - 🔍 Проверка даты последних 2 твитов...
2026-04-11 07:33:01,468 - INFO - 📅 Твит #1: 2023-06-08 (год 2023)
2026-04-11 07:33:01,488 - INFO - 📅 Твит #2: 2026-02-24 (год 2026)
2026-04-11 07:33:01,505 - INFO - ✅ Есть хотя бы один твит 2025+ — продолжаем
2026-04-11 07:33:01,531 - INFO - 👥 Фолловеров: 707 (найдено: 707)
2026-04-11 07:33:06,689 - INFO - 🌍 Страна: United Kingdom
2026-04-11 07:33:06,703 - INFO - ✅ Страна United Kingdom — OK
2026-04-11 07:33:13,893 - INFO - ✅ Follow выполнен для https://x.com/Parpar166
2026-04-11 07:33:17,908 - INFO - ❤️ Будем ставить 1 случайных лайка(ов) на профиле https://x.com/Parpar166
2026-04-11 07:33:20,980 - INFO - ✅ Поставлен лайк #1/1 на профиле https://x.com/Parpar166
2026-04-11 07:33:20,995 - INFO - ✅ Сохранена отработанная строка: 0x07b910299e7e74096d7091af11fa5faa68dad888 https:/...
2026-04-11 07:33:21,009 - INFO - 🗑 Удалена строка: 0x07b910299e7e74096d7091af11fa5faa68dad888 https:/...
2026-04-11 07:33:21,026 - INFO - ⏳ Случайная задержка: 3 минут (мин 3)
2026-04-11 07:36:21,036 - INFO - 🔄 Обработка профиля: https://x.com/loloool87666584
2026-04-11 07:36:38,825 - INFO - 🔍 Проверка даты последних 2 твитов...
2026-04-11 07:36:38,904 - INFO - 📅 Твит #1: 2025-10-20 (год 2025)
2026-04-11 07:36:39,770 - ERROR - ❌ Ошибка при проверке дат твитов: Locator.get_attribute: Error: strict mode violation: locator("article[data-testid=\"tweet\"]").nth(1).locator("time") resolved to 2 elements:
    1) <time datetime="2025-02-08T22:22:23.000Z">Feb 8, 2025</time> aka get_by_role("link", name="Feb 8, 2025", exact=True)
    2) <time datetime="2025-02-08T20:36:15.000Z">Feb 8, 2025</time> aka get_by_role("link", name="Square profile picture Deep3")

Call log:
  - waiting for locator("article[data-testid=\"tweet\"]").nth(1).locator("time")

2026-04-11 07:36:39,786 - INFO - ⛔ Пропуск неактивного профиля (твиты до 2025): https://x.com/loloool87666584
2026-04-11 07:36:39,802 - INFO - ✅ Сохранена отработанная строка: 0xe0e454087a148cd4d2c0a72f0c94b3b048842482 https:/...
2026-04-11 07:36:39,818 - INFO - 🗑 Удалена строка: 0xe0e454087a148cd4d2c0a72f0c94b3b048842482 https:/...
2026-04-11 07:36:39,833 - INFO - 🔄 Обработка профиля: https://x.com/cryptobear55
2026-04-11 07:36:58,208 - INFO - 🔍 Проверка даты последних 2 твитов...
2026-04-11 07:36:58,249 - INFO - 📅 Твит #1: 2025-11-05 (год 2025)
2026-04-11 07:36:58,343 - ERROR - ❌ Ошибка при проверке дат твитов: Locator.get_attribute: Error: strict mode violation: locator("article[data-testid=\"tweet\"]").nth(1).locator("time") resolved to 2 elements:
    1) <time datetime="2025-11-01T12:21:31.000Z">Nov 1, 2025</time> aka get_by_role("link", name="Nov 1,")
    2) <time datetime="2025-10-24T20:41:21.000Z">Oct 24, 2025</time> aka get_by_role("link", name="Square profile picture Azuki Verified account @Azuki Oct 24, 2025 Image Azuki")

Call log:
  - waiting for locator("article[data-testid=\"tweet\"]").nth(1).locator("time")

2026-04-11 07:36:58,359 - INFO - ⛔ Пропуск неактивного профиля (твиты до 2025): https://x.com/cryptobear55
2026-04-11 07:36:58,374 - INFO - ✅ Сохранена отработанная строка: 0xdb6428c5fa405b9ba438bba5c1c2c4f099684004 https:/...
2026-04-11 07:36:58,390 - INFO - 🗑 Удалена строка: 0xdb6428c5fa405b9ba438bba5c1c2c4f099684004 https:/...
2026-04-11 07:36:58,406 - INFO - 🔄 Обработка профиля: https://x.com/KokkalisAl59690
2026-04-11 07:37:22,699 - INFO - 🔍 Проверка даты последних 2 твитов...
2026-04-11 07:37:22,777 - INFO - 📅 Твит #1: 2025-11-12 (год 2025)
2026-04-11 07:37:22,802 - INFO - 📅 Твит #2: 2025-07-11 (год 2025)
2026-04-11 07:37:22,802 - INFO - ✅ Есть хотя бы один твит 2025+ — продолжаем
2026-04-11 07:37:22,833 - INFO - 👥 Фолловеров: 8 (найдено: 8)
2026-04-11 07:37:27,984 - INFO - 🌍 Страна: United Kingdom
2026-04-11 07:37:28,017 - INFO - ✅ Страна United Kingdom — OK
2026-04-11 07:37:35,282 - INFO - ✅ Follow выполнен для https://x.com/KokkalisAl59690
2026-04-11 07:37:39,287 - INFO - ❤️ Будем ставить 1 случайных лайка(ов) на профиле https://x.com/KokkalisAl59690
2026-04-11 07:37:42,470 - INFO - ✅ Поставлен лайк #1/1 на профиле https://x.com/KokkalisAl59690
2026-04-11 07:37:42,485 - INFO - ✅ Сохранена отработанная строка: 0x06de548c53f8ec7501f5da7a57a3246c903eafc3 https:/...
2026-04-11 07:37:42,508 - INFO - 🗑 Удалена строка: 0x06de548c53f8ec7501f5da7a57a3246c903eafc3 https:/...
2026-04-11 07:37:42,527 - INFO - ⏳ Случайная задержка: 3 минут (мин 3)
2026-04-11 07:40:42,544 - INFO - 🔄 Обработка профиля: https://x.com/Gepold1
2026-04-11 07:40:54,237 - INFO - 🔍 Проверка даты последних 2 твитов...
2026-04-11 07:40:54,448 - INFO - 📅 Твит #1: 2026-01-13 (год 2026)
2026-04-11 07:40:54,529 - INFO - 📅 Твит #2: 2025-12-16 (год 2025)
2026-04-11 07:40:54,541 - INFO - ✅ Есть хотя бы один твит 2025+ — продолжаем
2026-04-11 07:40:54,579 - INFO - 👥 Фолловеров: 62 (найдено: 62)
2026-04-11 07:40:59,747 - INFO - 🌍 Страна: Estonia
2026-04-11 07:40:59,763 - INFO - ✅ Страна Estonia — OK
2026-04-11 07:41:06,969 - INFO - ✅ Follow выполнен для https://x.com/Gepold1
2026-04-11 07:41:11,000 - INFO - ❤️ Будем ставить 0 случайных лайка(ов) на профиле https://x.com/Gepold1
2026-04-11 07:41:11,030 - INFO - ✅ Сохранена отработанная строка: 0x00e6f8d8fb80b0c302a6bd849b79982dc9945b15 https:/...
2026-04-11 07:41:11,049 - INFO - 🗑 Удалена строка: 0x00e6f8d8fb80b0c302a6bd849b79982dc9945b15 https:/...
2026-04-11 07:41:11,066 - INFO - ⏳ Случайная задержка: 4 минут (мин 3)
2026-04-11 07:45:11,082 - INFO - 🔄 Обработка профиля: https://x.com/patriciamo94752
2026-04-11 07:45:22,255 - INFO - 🔍 Проверка даты последних 2 твитов...
2026-04-11 07:45:22,316 - INFO - 📅 Твит #1: 2024-11-01 (год 2024)
2026-04-11 07:45:22,338 - INFO - 📅 Твит #2: 2024-11-01 (год 2024)
2026-04-11 07:45:22,357 - INFO - ⛔ Последние 2 твита до 2025 года — удаляем строку
2026-04-11 07:45:22,371 - INFO - ⛔ Пропуск неактивного профиля (твиты до 2025): https://x.com/patriciamo94752
2026-04-11 07:45:22,387 - INFO - ✅ Сохранена отработанная строка: 0x8d2590474ec0e4ffa4519301ed4abacc2b0b4996 https:/...
2026-04-11 07:45:22,405 - INFO - 🗑 Удалена строка: 0x8d2590474ec0e4ffa4519301ed4abacc2b0b4996 https:/...
2026-04-11 07:45:22,418 - INFO - 🔄 Обработка профиля: https://x.com/BabithCj
2026-04-11 07:45:35,817 - INFO - 🔍 Проверка даты последних 2 твитов...
2026-04-11 07:45:35,864 - INFO - 📅 Твит #1: 2025-01-20 (год 2025)
2026-04-11 07:45:39,818 - ERROR - ❌ Ошибка при проверке дат твитов: Locator.get_attribute: Error: strict mode violation: locator("article[data-testid=\"tweet\"]").nth(1).locator("time") resolved to 3 elements:
    1) <time datetime="2025-01-20T09:02:10.000Z">Jan 20, 2025</time> aka get_by_role("article", name="Babith CJ reposted Chirp Verified account @ChirpDeWi Jan 20, 2025 Join - x.com/").get_by_label("Jan 20,")
    2) <time datetime="PT0H56M37S">56:37</time> aka get_by_role("button", name="Play recording of CHIRP- The")
    3) <time datetime="2025-01-19T05:28:42.000Z">Jan 18, 2025</time> aka get_by_role("link", name="Square profile picture KuCoin")

Call log:
  - waiting for locator("article[data-testid=\"tweet\"]").nth(1).locator("time")

2026-04-11 07:45:39,833 - INFO - ⛔ Пропуск неактивного профиля (твиты до 2025): https://x.com/BabithCj
2026-04-11 07:45:39,849 - INFO - ✅ Сохранена отработанная строка: 0x3f61cff7f82eba00ddc70181e9207256823aadec https:/...
2026-04-11 07:45:39,865 - INFO - 🗑 Удалена строка: 0x3f61cff7f82eba00ddc70181e9207256823aadec https:/...
2026-04-11 07:45:39,880 - INFO - 🔄 Обработка профиля: https://x.com/annovnartiz
2026-04-11 07:45:49,774 - INFO - 🔍 Проверка даты последних 2 твитов...
2026-04-11 07:45:49,825 - INFO - 📅 Твит #1: 2025-03-18 (год 2025)
2026-04-11 07:45:53,983 - ERROR - ❌ Ошибка при проверке дат твитов: Locator.get_attribute: Error: strict mode violation: locator("article[data-testid=\"tweet\"]").nth(1).locator("time") resolved to 2 elements:
    1) <time datetime="2025-03-18T13:31:30.000Z">Mar 18, 2025</time> aka get_by_role("article", name="burak ceylan @annovnartiz Mar 18, 2025 # Quote DEPOINTS 🟣 @DePoints_XYZ Mar 12").get_by_label("Mar 18,")
    2) <time datetime="2025-03-12T08:39:33.000Z">Mar 12, 2025</time> aka get_by_role("link", name="DEPOINTS 🟣 @DePoints_XYZ Mar")

Call log:
  - waiting for locator("article[data-testid=\"tweet\"]").nth(1).locator("time")

2026-04-11 07:45:54,030 - INFO - ⛔ Пропуск неактивного профиля (твиты до 2025): https://x.com/annovnartiz
2026-04-11 07:45:54,048 - INFO - ✅ Сохранена отработанная строка: 0x3c1a2bb1bcfda4e27b64e736c1981f3abc0506a0 https:/...
2026-04-11 07:45:54,062 - INFO - 🗑 Удалена строка: 0x3c1a2bb1bcfda4e27b64e736c1981f3abc0506a0 https:/...
2026-04-11 07:45:54,095 - INFO - 🔄 Обработка профиля: https://x.com/MBen26
2026-04-11 07:46:04,476 - INFO - 🔍 Проверка даты последних 2 твитов...
2026-04-11 07:46:04,519 - INFO - 📅 Твит #1: 2026-04-11 (год 2026)
2026-04-11 07:46:04,535 - INFO - 📅 Твит #2: 2026-04-07 (год 2026)
2026-04-11 07:46:04,566 - INFO - ✅ Есть хотя бы один твит 2025+ — продолжаем
2026-04-11 07:46:04,598 - INFO - 👥 Фолловеров: 111 (найдено: 111)
2026-04-11 07:46:09,740 - INFO - 🌍 Страна: France
2026-04-11 07:46:09,754 - INFO - ✅ Страна France — OK
2026-04-11 07:46:16,950 - INFO - ✅ Follow выполнен для https://x.com/MBen26
2026-04-11 07:46:20,964 - INFO - ❤️ Будем ставить 1 случайных лайка(ов) на профиле https://x.com/MBen26
2026-04-11 07:46:24,457 - INFO - ✅ Поставлен лайк #1/1 на профиле https://x.com/MBen26
2026-04-11 07:46:24,474 - INFO - ✅ Сохранена отработанная строка: 0x1eb3400a5c2811ff3d193b8e6fa4a1ff3c32bddd https:/...
2026-04-11 07:46:24,493 - INFO - 🗑 Удалена строка: 0x1eb3400a5c2811ff3d193b8e6fa4a1ff3c32bddd https:/...
2026-04-11 07:46:24,511 - INFO - ⏳ Случайная задержка: 4 минут (мин 3)
2026-04-11 07:50:24,531 - INFO - 🔄 Обработка профиля: https://x.com/Degen007
2026-04-11 07:50:47,858 - INFO - 🔍 Проверка даты последних 2 твитов...
2026-04-11 07:50:47,929 - INFO - 📅 Твит #1: 2026-01-20 (год 2026)
2026-04-11 07:50:47,947 - INFO - 📅 Твит #2: 2025-07-08 (год 2025)
2026-04-11 07:50:47,963 - INFO - ✅ Есть хотя бы один твит 2025+ — продолжаем
2026-04-11 07:50:47,979 - INFO - 👥 Фолловеров: 383 (найдено: 383)
2026-04-11 07:50:53,158 - INFO - 🌍 Страна: United States
2026-04-11 07:50:53,177 - INFO - ✅ Страна United States — OK
2026-04-11 07:51:00,424 - INFO - ✅ Follow выполнен для https://x.com/Degen007
2026-04-11 07:51:04,449 - INFO - ❤️ Будем ставить 1 случайных лайка(ов) на профиле https://x.com/Degen007
2026-04-11 07:51:07,493 - INFO - ✅ Поставлен лайк #1/1 на профиле https://x.com/Degen007
2026-04-11 07:51:07,507 - INFO - ✅ Сохранена отработанная строка: 0x1f7c019c8d0135de2d199ca0e9742f2a283cd23f https:/...
2026-04-11 07:51:07,528 - INFO - 🗑 Удалена строка: 0x1f7c019c8d0135de2d199ca0e9742f2a283cd23f https:/...
2026-04-11 07:51:07,542 - INFO - ⏳ Случайная задержка: 5 минут (мин 3)
2026-04-11 07:56:07,559 - INFO - 🔄 Обработка профиля: https://x.com/Reza__Eth
2026-04-11 07:56:19,681 - INFO - 🔍 Проверка даты последних 2 твитов...
2026-04-11 07:56:19,746 - INFO - 📅 Твит #1: 2025-06-21 (год 2025)
2026-04-11 07:56:19,768 - INFO - 📅 Твит #2: 2026-04-09 (год 2026)
2026-04-11 07:56:19,772 - INFO - ✅ Есть хотя бы один твит 2025+ — продолжаем
2026-04-11 07:56:19,795 - INFO - 👥 Фолловеров: 1429 (найдено: 1,429)
2026-04-11 07:56:24,956 - INFO - 🌍 Страна: Europe
2026-04-11 07:56:24,969 - INFO - ✅ Страна Europe — OK
2026-04-11 07:56:32,209 - INFO - ✅ Follow выполнен для https://x.com/Reza__Eth
2026-04-11 07:56:36,225 - INFO - ❤️ Будем ставить 1 случайных лайка(ов) на профиле https://x.com/Reza__Eth
2026-04-11 07:56:39,549 - INFO - ✅ Поставлен лайк #1/1 на профиле https://x.com/Reza__Eth
2026-04-11 07:56:39,566 - INFO - ✅ Сохранена отработанная строка: 0x981aee3cf2378cf0b8059f77c0d32730d0a489ab https:/...
2026-04-11 07:56:39,580 - INFO - 🗑 Удалена строка: 0x981aee3cf2378cf0b8059f77c0d32730d0a489ab https:/...
2026-04-11 07:56:39,597 - INFO - ⏳ Случайная задержка: 5 минут (мин 3)
2026-04-11 08:01:39,619 - INFO - 🔄 Обработка профиля: https://x.com/sukhov_den
2026-04-11 08:01:49,615 - INFO - 🔍 Проверка даты последних 2 твитов...
2026-04-11 08:01:49,751 - ERROR - ❌ Ошибка при проверке дат твитов: Locator.get_attribute: Error: strict mode violation: locator("article[data-testid=\"tweet\"]").first.locator("time") resolved to 2 elements:
    1) <time datetime="2024-12-26T19:47:58.000Z">Dec 26, 2024</time> aka get_by_role("link", name="Dec 26,")
    2) <time datetime="2024-09-05T13:05:08.000Z">Sep 5, 2024</time> aka get_by_label("136").get_by_role("link", name="Polkastarter Verified account")

Call log:
  - waiting for locator("article[data-testid=\"tweet\"]").first.locator("time")

2026-04-11 08:01:49,767 - INFO - ⛔ Пропуск неактивного профиля (твиты до 2025): https://x.com/sukhov_den
2026-04-11 08:01:49,777 - INFO - ✅ Сохранена отработанная строка: 0x71205f74c8824dd250fe96209df2cc6e2cd5c319 https:/...
2026-04-11 08:01:49,791 - INFO - 🗑 Удалена строка: 0x71205f74c8824dd250fe96209df2cc6e2cd5c319 https:/...
2026-04-11 08:01:49,816 - INFO - 🔄 Обработка профиля: https://x.com/BStosm
2026-04-11 08:02:26,895 - INFO - 🔍 Проверка даты последних 2 твитов...
2026-04-11 08:02:26,967 - INFO - 📅 Твит #1: 2025-09-13 (год 2025)
2026-04-11 08:02:26,992 - INFO - 📅 Твит #2: 2025-07-01 (год 2025)
2026-04-11 08:02:27,020 - INFO - ✅ Есть хотя бы один твит 2025+ — продолжаем
2026-04-11 08:02:27,044 - INFO - 👥 Фолловеров: 13 (найдено: 13)
2026-04-11 08:02:32,202 - INFO - 🌍 Страна: Hong Kong
2026-04-11 08:02:32,213 - INFO - ✅ Страна Hong Kong — OK
2026-04-11 08:02:39,397 - INFO - ✅ Follow выполнен для https://x.com/BStosm
2026-04-11 08:02:43,406 - INFO - ❤️ Будем ставить 0 случайных лайка(ов) на профиле https://x.com/BStosm
2026-04-11 08:02:43,449 - INFO - ✅ Сохранена отработанная строка: 0xbc15b6a6cffef3d39188d521f88fa92b872406f6 https:/...
2026-04-11 08:02:43,466 - INFO - 🗑 Удалена строка: 0xbc15b6a6cffef3d39188d521f88fa92b872406f6 https:/...
2026-04-11 08:02:43,484 - INFO - ⏳ Случайная задержка: 5 минут (мин 3)
2026-04-11 08:07:43,506 - INFO - 🔄 Обработка профиля: https://x.com/Ricardocalaca3
2026-04-11 08:08:08,062 - INFO - 🔍 Проверка даты последних 2 твитов...
2026-04-11 08:08:08,144 - INFO - 📅 Твит #1: 2025-08-31 (год 2025)
2026-04-11 08:08:09,061 - ERROR - ❌ Ошибка при проверке дат твитов: Locator.get_attribute: Error: strict mode violation: locator("article[data-testid=\"tweet\"]").nth(1).locator("time") resolved to 2 elements:
    1) <time datetime="2026-04-09T15:27:40.000Z">Apr 9</time> aka get_by_role("link", name="Apr 9", exact=True)
    2) <time datetime="2026-04-09T15:21:07.000Z">Apr 9</time> aka get_by_role("link", name="Square profile picture MetaMask 🦊 Verified account @MetaMask Apr 9 We’re")

Call log:
  - waiting for locator("article[data-testid=\"tweet\"]").nth(1).locator("time")

2026-04-11 08:08:09,082 - INFO - ⛔ Пропуск неактивного профиля (твиты до 2025): https://x.com/Ricardocalaca3
2026-04-11 08:08:09,107 - INFO - ✅ Сохранена отработанная строка: 0x5987fc9b72105b433f8373594b8bf8e94c33ceea https:/...
2026-04-11 08:08:09,116 - INFO - 🗑 Удалена строка: 0x5987fc9b72105b433f8373594b8bf8e94c33ceea https:/...
2026-04-11 08:08:09,131 - INFO - 🔄 Обработка профиля: https://x.com/CelesteRebecca1
2026-04-11 08:08:20,532 - INFO - 🔍 Проверка даты последних 2 твитов...
2026-04-11 08:08:20,735 - ERROR - ❌ Ошибка при проверке дат твитов: Locator.get_attribute: Error: strict mode violation: locator("article[data-testid=\"tweet\"]").first.locator("time") resolved to 2 elements:
    1) <time datetime="2026-01-18T19:29:25.000Z">Jan 18</time> aka get_by_role("article", name="CR @CelesteRebecca1 Jan 18 Introducing the Open Gas Initiative by ETHGas — a").get_by_label("Jan")
    2) <time datetime="2025-12-03T13:01:29.000Z">Dec 3, 2025</time> aka get_by_role("link", name="Square profile picture ETHGAS")

Call log:
  - waiting for locator("article[data-testid=\"tweet\"]").first.locator("time")

2026-04-11 08:08:20,749 - INFO - ⛔ Пропуск неактивного профиля (твиты до 2025): https://x.com/CelesteRebecca1
2026-04-11 08:08:20,763 - INFO - ✅ Сохранена отработанная строка: 0x9f3bce237ea107ffad3aa7852f8dd847e6b82a5d https:/...
2026-04-11 08:08:20,771 - INFO - 🗑 Удалена строка: 0x9f3bce237ea107ffad3aa7852f8dd847e6b82a5d https:/...
2026-04-11 08:08:20,784 - INFO - 🔄 Обработка профиля: https://x.com/ziyae06
2026-04-11 08:08:33,730 - INFO - 🔍 Проверка даты последних 2 твитов...
2026-04-11 08:08:33,776 - INFO - 📅 Твит #1: 2025-04-04 (год 2025)
2026-04-11 08:08:33,792 - INFO - 📅 Твит #2: 2025-03-14 (год 2025)
2026-04-11 08:08:33,808 - INFO - ✅ Есть хотя бы один твит 2025+ — продолжаем
2026-04-11 08:08:33,839 - INFO - 👥 Фолловеров: 10 (найдено: 10)
2026-04-11 08:08:38,991 - INFO - 🌍 Страна: Lithuania
2026-04-11 08:08:39,006 - INFO - ✅ Страна Lithuania — OK
2026-04-11 08:08:46,301 - INFO - ✅ Follow выполнен для https://x.com/ziyae06
2026-04-11 08:08:50,316 - INFO - ❤️ Будем ставить 1 случайных лайка(ов) на профиле https://x.com/ziyae06
2026-04-11 08:08:53,169 - INFO - ✅ Поставлен лайк #1/1 на профиле https://x.com/ziyae06
2026-04-11 08:08:53,183 - INFO - ✅ Сохранена отработанная строка: 0xd8469b9d3c24a1af94f3cb78687e6a8f007aee9b https:/...
2026-04-11 08:08:53,200 - INFO - 🗑 Удалена строка: 0xd8469b9d3c24a1af94f3cb78687e6a8f007aee9b https:/...
2026-04-11 08:08:53,214 - INFO - ⏳ Случайная задержка: 3 минут (мин 3)
2026-04-11 08:11:53,235 - INFO - 🔄 Обработка профиля: https://x.com/balo1023
2026-04-11 08:12:07,410 - INFO - 🔍 Проверка даты последних 2 твитов...
2026-04-11 08:12:07,453 - INFO - 📅 Твит #1: 2025-12-22 (год 2025)
2026-04-11 08:12:07,484 - INFO - 📅 Твит #2: 2025-11-12 (год 2025)
2026-04-11 08:12:07,484 - INFO - ✅ Есть хотя бы один твит 2025+ — продолжаем
2026-04-11 08:12:07,532 - INFO - 👥 Фолловеров: 169 (найдено: 169)
2026-04-11 08:12:12,694 - INFO - 🌍 Страна: Korea
2026-04-11 08:12:12,709 - INFO - ✅ Страна Korea — OK
2026-04-11 08:12:19,873 - INFO - ✅ Follow выполнен для https://x.com/balo1023
2026-04-11 08:12:23,884 - INFO - ❤️ Будем ставить 1 случайных лайка(ов) на профиле https://x.com/balo1023
2026-04-11 08:12:26,602 - INFO - ✅ Поставлен лайк #1/1 на профиле https://x.com/balo1023
2026-04-11 08:12:26,614 - INFO - ✅ Сохранена отработанная строка: 0x6b62909ad3f315833a5e5062b670034a3016910b https:/...
2026-04-11 08:12:26,632 - INFO - 🗑 Удалена строка: 0x6b62909ad3f315833a5e5062b670034a3016910b https:/...
2026-04-11 08:12:26,649 - INFO - ⏳ Случайная задержка: 3 минут (мин 3)
2026-04-11 08:15:26,663 - INFO - 🔄 Обработка профиля: https://x.com/CornellWallac12
2026-04-11 08:15:37,648 - INFO - 🔍 Проверка даты последних 2 твитов...
2026-04-11 08:15:37,693 - INFO - 📅 Твит #1: 2023-10-31 (год 2023)
2026-04-11 08:15:37,710 - INFO - 📅 Твит #2: 2023-09-26 (год 2023)
2026-04-11 08:15:37,723 - INFO - ⛔ Последние 2 твита до 2025 года — удаляем строку
2026-04-11 08:15:37,739 - INFO - ⛔ Пропуск неактивного профиля (твиты до 2025): https://x.com/CornellWallac12
2026-04-11 08:15:37,753 - INFO - ✅ Сохранена отработанная строка: 0x59f0c6a65a06e58d922bff1e61337e55d6f656b3 https:/...
2026-04-11 08:15:37,766 - INFO - 🗑 Удалена строка: 0x59f0c6a65a06e58d922bff1e61337e55d6f656b3 https:/...
2026-04-11 08:15:37,777 - INFO - 🔄 Обработка профиля: https://x.com/sososongy
2026-04-11 08:15:48,886 - INFO - 🔍 Проверка даты последних 2 твитов...
2026-04-11 08:15:48,931 - INFO - 📅 Твит #1: 2025-07-07 (год 2025)
2026-04-11 08:15:52,369 - ERROR - ❌ Ошибка при проверке дат твитов: Locator.get_attribute: Error: strict mode violation: locator("article[data-testid=\"tweet\"]").nth(1).locator("time") resolved to 2 elements:
    1) <time datetime="2025-05-25T04:28:15.000Z">May 24, 2025</time> aka get_by_label("suisui@sososongy·May 24,").get_by_role("link", name="May 24, 2025", exact=True)
    2) <time datetime="2025-05-25T04:13:55.000Z">May 24, 2025</time> aka get_by_role("link", name="Square profile picture Bucket")

Call log:
  - waiting for locator("article[data-testid=\"tweet\"]").nth(1).locator("time")

2026-04-11 08:15:52,393 - INFO - ⛔ Пропуск неактивного профиля (твиты до 2025): https://x.com/sososongy
2026-04-11 08:15:52,412 - INFO - ✅ Сохранена отработанная строка: 0x3c82e37c5ce8a1cfdf7685fa4b9677b697723abb https:/...
2026-04-11 08:15:52,422 - INFO - 🗑 Удалена строка: 0x3c82e37c5ce8a1cfdf7685fa4b9677b697723abb https:/...
2026-04-11 08:15:52,435 - INFO - 🔄 Обработка профиля: https://x.com/hudabtc01
2026-04-11 08:16:05,934 - INFO - 🔍 Проверка даты последних 2 твитов...
2026-04-11 08:16:06,005 - INFO - 📅 Твит #1: 2026-04-02 (год 2026)
2026-04-11 08:16:06,037 - INFO - 📅 Твит #2: 2026-04-02 (год 2026)
2026-04-11 08:16:06,056 - INFO - ✅ Есть хотя бы один твит 2025+ — продолжаем
2026-04-11 08:16:06,087 - INFO - 👥 Фолловеров: 115 (найдено: 115)
2026-04-11 08:16:11,241 - INFO - 🌍 Страна: Italy
2026-04-11 08:16:11,252 - INFO - ✅ Страна Italy — OK
2026-04-11 08:16:18,463 - INFO - ✅ Follow выполнен для https://x.com/hudabtc01
2026-04-11 08:16:22,478 - INFO - ❤️ Будем ставить 0 случайных лайка(ов) на профиле https://x.com/hudabtc01
2026-04-11 08:16:22,500 - INFO - ✅ Сохранена отработанная строка: 0xaf69153305697f1d26d8a38fdaf74fb146247362 https:/...
2026-04-11 08:16:22,514 - INFO - 🗑 Удалена строка: 0xaf69153305697f1d26d8a38fdaf74fb146247362 https:/...
2026-04-11 08:16:22,525 - INFO - ⏳ Случайная задержка: 3 минут (мин 3)
2026-04-11 08:19:22,537 - INFO - 🔄 Обработка профиля: https://x.com/louzarieth
2026-04-11 08:19:38,234 - INFO - 🔍 Проверка даты последних 2 твитов...
2026-04-11 08:19:41,410 - INFO - 📅 Твит #1: 2026-02-24 (год 2026)
2026-04-11 08:19:41,431 - INFO - 📅 Твит #2: 2026-02-23 (год 2026)
2026-04-11 08:19:41,447 - INFO - ✅ Есть хотя бы один твит 2025+ — продолжаем
2026-04-11 08:19:41,470 - INFO - 👥 Фолловеров: 568 (найдено: 568)
2026-04-11 08:19:46,609 - INFO - 🌍 Страна: Thailand
2026-04-11 08:19:46,626 - INFO - ✅ Страна Thailand — OK
2026-04-11 08:19:53,793 - INFO - ✅ Follow выполнен для https://x.com/louzarieth
2026-04-11 08:19:57,808 - INFO - ❤️ Будем ставить 1 случайных лайка(ов) на профиле https://x.com/louzarieth
2026-04-11 08:20:00,173 - INFO - ✅ Поставлен лайк #1/1 на профиле https://x.com/louzarieth
2026-04-11 08:20:00,183 - INFO - ✅ Сохранена отработанная строка: 0x6218cfa236ba53c830fc893cc6972308a104e50e https:/...
2026-04-11 08:20:00,196 - INFO - 🗑 Удалена строка: 0x6218cfa236ba53c830fc893cc6972308a104e50e https:/...
2026-04-11 08:20:00,214 - INFO - ⏳ Случайная задержка: 3 минут (мин 3)
2026-04-11 08:23:00,236 - INFO - 🔄 Обработка профиля: https://x.com/Siistema
2026-04-11 08:23:23,289 - INFO - 🔍 Проверка даты последних 2 твитов...
2026-04-11 08:23:23,361 - INFO - 📅 Твит #1: 2025-10-20 (год 2025)
2026-04-11 08:23:23,385 - INFO - 📅 Твит #2: 2025-01-21 (год 2025)
2026-04-11 08:23:23,401 - INFO - ✅ Есть хотя бы один твит 2025+ — продолжаем
2026-04-11 08:23:23,426 - INFO - 👥 Фолловеров: 816 (найдено: 816)
2026-04-11 08:23:28,579 - INFO - 🌍 Страна: Dominican Republic
2026-04-11 08:23:28,589 - INFO - ✅ Страна Dominican Republic — OK
2026-04-11 08:23:35,764 - INFO - ✅ Follow выполнен для https://x.com/Siistema
2026-04-11 08:23:39,779 - INFO - ❤️ Будем ставить 1 случайных лайка(ов) на профиле https://x.com/Siistema
2026-04-11 08:23:42,277 - INFO - ✅ Поставлен лайк #1/1 на профиле https://x.com/Siistema
2026-04-11 08:23:42,292 - INFO - ✅ Сохранена отработанная строка: 0xee22fe0591acc45ccdd4394b6ed6b788db0278ef https:/...
2026-04-11 08:23:42,315 - INFO - 🗑 Удалена строка: 0xee22fe0591acc45ccdd4394b6ed6b788db0278ef https:/...
2026-04-11 08:23:42,334 - INFO - ⏳ Случайная задержка: 4 минут (мин 3)
2026-04-11 08:27:42,356 - INFO - 🔄 Обработка профиля: https://x.com/EdCheung4
2026-04-11 08:27:55,292 - INFO - 🔍 Проверка даты последних 2 твитов...
2026-04-11 08:27:55,358 - INFO - 📅 Твит #1: 2025-12-20 (год 2025)
2026-04-11 08:27:55,391 - INFO - 📅 Твит #2: 2025-11-12 (год 2025)
2026-04-11 08:27:55,407 - INFO - ✅ Есть хотя бы один твит 2025+ — продолжаем
2026-04-11 08:27:55,423 - INFO - 👥 Фолловеров: 18 (найдено: 18)
2026-04-11 08:28:00,552 - INFO - 🌍 Страна: Hong Kong
2026-04-11 08:28:00,560 - INFO - ✅ Страна Hong Kong — OK
2026-04-11 08:28:07,703 - INFO - ✅ Follow выполнен для https://x.com/EdCheung4
2026-04-11 08:28:11,717 - INFO - ❤️ Будем ставить 0 случайных лайка(ов) на профиле https://x.com/EdCheung4
2026-04-11 08:28:11,741 - INFO - ✅ Сохранена отработанная строка: 0x2341333ef012694af53113f04e53de515301a700 https:/...
2026-04-11 08:28:11,755 - INFO - 🗑 Удалена строка: 0x2341333ef012694af53113f04e53de515301a700 https:/...
2026-04-11 08:28:11,770 - INFO - ⏳ Случайная задержка: 3 минут (мин 3)
2026-04-11 08:31:11,794 - INFO - 🔄 Обработка профиля: https://x.com/musichiphop10
2026-04-11 08:31:24,335 - INFO - 🔍 Проверка даты последних 2 твитов...
2026-04-11 08:31:24,526 - ERROR - ❌ Ошибка при проверке дат твитов: Locator.get_attribute: Error: strict mode violation: locator("article[data-testid=\"tweet\"]").first.locator("time") resolved to 2 elements:
    1) <time datetime="2021-03-20T18:14:51.000Z">Mar 20, 2021</time> aka get_by_label("119").get_by_role("link", name="Mar 20, 2021", exact=True)
    2) <time datetime="2021-03-20T11:39:28.000Z">Mar 20, 2021</time> aka get_by_role("link", name="Dora Factory Verified account @DoraFactory Mar 20, 2021 Image Hi guys, we")

Call log:
  - waiting for locator("article[data-testid=\"tweet\"]").first.locator("time")

2026-04-11 08:31:24,542 - INFO - ⛔ Пропуск неактивного профиля (твиты до 2025): https://x.com/musichiphop10
2026-04-11 08:31:24,557 - INFO - ✅ Сохранена отработанная строка: 0x550e9d0bec094ce4d5654675d6527218ec972830 https:/...
2026-04-11 08:31:24,557 - INFO - 🗑 Удалена строка: 0x550e9d0bec094ce4d5654675d6527218ec972830 https:/...
2026-04-11 08:31:24,573 - INFO - 🔄 Обработка профиля: https://x.com/MasudDuhoki
2026-04-11 08:31:37,381 - INFO - 🔍 Проверка даты последних 2 твитов...
2026-04-11 08:31:37,427 - INFO - 📅 Твит #1: 2026-03-13 (год 2026)
2026-04-11 08:31:37,449 - INFO - 📅 Твит #2: 2026-01-05 (год 2026)
2026-04-11 08:31:37,462 - INFO - ✅ Есть хотя бы один твит 2025+ — продолжаем
2026-04-11 08:31:37,481 - INFO - 👥 Фолловеров: 49 (найдено: 49)
2026-04-11 08:31:42,623 - INFO - 🌍 Страна: Iraq
2026-04-11 08:31:42,640 - INFO - ✅ Страна Iraq — OK
2026-04-11 08:31:49,826 - INFO - ✅ Follow выполнен для https://x.com/MasudDuhoki
2026-04-11 08:31:53,842 - INFO - ❤️ Будем ставить 0 случайных лайка(ов) на профиле https://x.com/MasudDuhoki
2026-04-11 08:31:53,868 - INFO - ✅ Сохранена отработанная строка: 0x43fdf6b3235860384d077cd4ed805d2694d1b5ba https:/...
2026-04-11 08:31:53,880 - INFO - 🗑 Удалена строка: 0x43fdf6b3235860384d077cd4ed805d2694d1b5ba https:/...
2026-04-11 08:31:53,895 - INFO - ⏳ Случайная задержка: 5 минут (мин 3)
2026-04-15 11:55:21,604 - INFO - 🚀 Запуск приложения AutoFollow X
2026-04-15 11:55:24,206 - INFO - 📂 Загрузка конфигурации
2026-04-15 11:55:24,216 - INFO - ✅ Конфигурация загружена: прокси=http://8jBYEwxR:jn4hjipU@172.121.52.216:64538, cookies_path=C:/Users/Administrator/Desktop/twittersoftbycode/cookies.txt
2026-04-15 11:55:24,238 - INFO - 🤖 Telegram bot запущен
2026-04-15 11:55:33,326 - INFO - 📂 Выбор файла со строками
2026-04-15 11:55:37,501 - INFO - ✅ Загружено 420 строк из C:/Users/Administrator/Desktop/twitterworker-main/mat.txt
2026-04-15 11:55:42,656 - INFO - 🍪 Проверка cookies из C:/Users/Administrator/Desktop/twitterworker-main/cookies.txt
2026-04-15 11:55:55,532 - ERROR - ❌ Ошибка при проверке cookies: Page.query_selector: Target page, context or browser has been closed
2026-04-15 11:56:04,640 - INFO - 🍪 Проверка cookies из C:/Users/Administrator/Desktop/twittersoftbycode/cookies.txt
2026-04-15 11:56:16,675 - INFO - ✅ Cookies действительны!
2026-04-15 11:56:18,674 - INFO - 💾 Сохранение конфигурации
2026-04-15 11:56:18,686 - INFO - ✅ Конфигурация сохранена
2026-04-15 11:56:21,366 - INFO - 💾 Сохранение конфигурации
2026-04-15 11:56:21,368 - INFO - ✅ Конфигурация сохранена
2026-04-15 11:56:22,831 - INFO - 🚀 run_process ЗАПУЩЕН — начинаем обработку
2026-04-15 11:56:45,657 - INFO - 🔄 Обработка профиля: https://x.com/CryptoProut
2026-04-15 11:57:06,550 - INFO - 🔍 Проверка даты последних 2 твитов...
2026-04-15 11:57:06,667 - INFO - 📅 Твит #1: 2021-12-27 (год 2021)
2026-04-15 11:57:06,735 - ERROR - ❌ Ошибка при проверке дат твитов: Locator.get_attribute: Error: strict mode violation: locator("article[data-testid=\"tweet\"]").nth(1).locator("time") resolved to 2 elements:
    1) <time datetime="2023-11-22T15:35:32.000Z">Nov 22, 2023</time> aka get_by_role("link", name="Nov 22,")
    2) <time datetime="2023-11-21T15:12:40.000Z">Nov 21, 2023</time> aka get_by_role("link", name="Square profile picture Twitch")

Call log:
  - waiting for locator("article[data-testid=\"tweet\"]").nth(1).locator("time")

2026-04-15 11:57:06,745 - INFO - ⛔ Пропуск неактивного профиля (твиты до 2025): https://x.com/CryptoProut
2026-04-15 11:57:06,757 - INFO - ✅ Сохранена отработанная строка: 0x6371cf4014efbae06378e1a601a3a66aebb35252 https:/...
2026-04-15 11:57:06,772 - INFO - 🗑 Удалена строка: 0x6371cf4014efbae06378e1a601a3a66aebb35252 https:/...
2026-04-15 11:57:06,796 - INFO - 🔄 Обработка профиля: https://x.com/CoindreRichard
2026-04-15 11:57:20,805 - INFO - 🔍 Проверка даты последних 2 твитов...
2026-04-15 11:57:20,858 - INFO - 📅 Твит #1: 2026-04-11 (год 2026)
2026-04-15 11:57:20,882 - INFO - 📅 Твит #2: 2026-03-21 (год 2026)
2026-04-15 11:57:20,898 - INFO - ✅ Есть хотя бы один твит 2025+ — продолжаем
2026-04-15 11:57:20,923 - INFO - 👥 Фолловеров: 57 (найдено: 57)
2026-04-15 11:57:26,078 - INFO - 🌍 Страна: Thailand
2026-04-15 11:57:26,089 - INFO - ✅ Страна Thailand — OK
2026-04-15 11:57:33,291 - INFO - ✅ Follow выполнен для https://x.com/CoindreRichard
2026-04-15 11:57:37,306 - INFO - ❤️ Будем ставить 1 случайных лайка(ов) на профиле https://x.com/CoindreRichard
2026-04-15 11:57:39,334 - INFO - ✅ Поставлен лайк #1/1 на профиле https://x.com/CoindreRichard
2026-04-15 11:57:39,346 - INFO - ✅ Сохранена отработанная строка: 0x99d99cfbf96807d3c08aeea4280fd765a3ad635a https:/...
2026-04-15 11:57:39,370 - INFO - 🗑 Удалена строка: 0x99d99cfbf96807d3c08aeea4280fd765a3ad635a https:/...
2026-04-15 11:57:39,387 - INFO - ⏳ Случайная задержка: 3 минут (мин 3)
2026-04-15 12:00:39,410 - INFO - 🔄 Обработка профиля: https://x.com/shuuraiii
2026-04-15 12:01:05,196 - INFO - 🔍 Проверка даты последних 2 твитов...
2026-04-15 12:01:05,279 - INFO - 📅 Твит #1: 2026-04-15 (год 2026)
2026-04-15 12:01:05,309 - INFO - 📅 Твит #2: 2026-04-08 (год 2026)
2026-04-15 12:01:05,322 - INFO - ✅ Есть хотя бы один твит 2025+ — продолжаем
2026-04-15 12:01:05,348 - INFO - 👥 Фолловеров: 1157 (найдено: 1,157)
2026-04-15 12:01:10,484 - INFO - 🌍 Страна: Ukraine
2026-04-15 12:01:10,497 - INFO - ⏭ Пропуск: недопустимая страна Ukraine
2026-04-15 12:01:15,527 - INFO - ✅ Сохранена отработанная строка: 0x180f536ce787939b153d43d8d2cdb904bab0a5e4 https:/...
2026-04-15 12:01:15,547 - INFO - 🗑 Удалена строка: 0x180f536ce787939b153d43d8d2cdb904bab0a5e4 https:/...
2026-04-15 12:01:15,565 - INFO - 🔄 Обработка профиля: https://x.com/0xCross_96
2026-04-15 12:01:37,619 - INFO - 🔍 Проверка даты последних 2 твитов...
2026-04-15 12:01:37,747 - ERROR - ❌ Ошибка при проверке дат твитов: Locator.get_attribute: Error: strict mode violation: locator("article[data-testid=\"tweet\"]").first.locator("time") resolved to 2 elements:
    1) <time datetime="2024-12-15T18:06:42.000Z">Dec 15, 2024</time> aka get_by_role("link", name="Dec 15, 2024", exact=True)
    2) <time datetime="2024-12-15T15:56:19.000Z">Dec 15, 2024</time> aka get_by_role("link", name="0xCross ➕ @0xCross_96 Dec 15")

Call log:
  - waiting for locator("article[data-testid=\"tweet\"]").first.locator("time")

2026-04-15 12:01:37,763 - INFO - ⛔ Пропуск неактивного профиля (твиты до 2025): https://x.com/0xCross_96
2026-04-15 12:01:37,778 - INFO - ✅ Сохранена отработанная строка: 0x67dd8073b999d4a782ead2c9530e82cdd83c7ca7 https:/...
2026-04-15 12:01:37,792 - INFO - 🗑 Удалена строка: 0x67dd8073b999d4a782ead2c9530e82cdd83c7ca7 https:/...
2026-04-15 12:01:37,808 - INFO - 🔄 Обработка профиля: https://x.com/hosseintesti
2026-04-15 12:01:59,135 - INFO - 🔍 Проверка даты последних 2 твитов...
2026-04-15 12:01:59,198 - INFO - 📅 Твит #1: 2025-09-25 (год 2025)
2026-04-15 12:01:59,225 - INFO - 📅 Твит #2: 2025-08-28 (год 2025)
2026-04-15 12:01:59,237 - INFO - ✅ Есть хотя бы один твит 2025+ — продолжаем
2026-04-15 12:01:59,287 - INFO - 👥 Фолловеров: 131 (найдено: 131)
2026-04-15 12:02:04,444 - INFO - 🌍 Страна: United Kingdom
2026-04-15 12:02:04,459 - INFO - ✅ Страна United Kingdom — OK
2026-04-15 12:02:11,717 - INFO - ✅ Follow выполнен для https://x.com/hosseintesti
2026-04-15 12:02:15,735 - INFO - ❤️ Будем ставить 0 случайных лайка(ов) на профиле https://x.com/hosseintesti
2026-04-15 12:02:15,763 - INFO - ✅ Сохранена отработанная строка: 0xea79ab4ba18113d05fdaa22af3d4439a8ab9d51f https:/...
2026-04-15 12:02:15,783 - INFO - 🗑 Удалена строка: 0xea79ab4ba18113d05fdaa22af3d4439a8ab9d51f https:/...
2026-04-15 12:02:15,797 - INFO - ⏳ Случайная задержка: 4 минут (мин 3)
2026-04-15 12:06:15,815 - INFO - 🔄 Обработка профиля: https://x.com/itccrypto
2026-04-15 12:06:43,433 - INFO - 🔍 Проверка даты последних 2 твитов...
2026-04-15 12:06:43,503 - INFO - 📅 Твит #1: 2025-03-06 (год 2025)
2026-04-15 12:06:43,528 - INFO - 📅 Твит #2: 2025-03-24 (год 2025)
2026-04-15 12:06:43,546 - INFO - ✅ Есть хотя бы один твит 2025+ — продолжаем
2026-04-15 12:06:43,573 - INFO - 👥 Фолловеров: 80 (найдено: 80)
2026-04-15 12:06:48,731 - INFO - 🌍 Страна: Brazil
2026-04-15 12:06:48,747 - INFO - ✅ Страна Brazil — OK
2026-04-15 12:06:55,986 - INFO - ✅ Follow выполнен для https://x.com/itccrypto
2026-04-15 12:07:00,004 - INFO - ❤️ Будем ставить 0 случайных лайка(ов) на профиле https://x.com/itccrypto
2026-04-15 12:07:00,040 - INFO - ✅ Сохранена отработанная строка: 0x03ebb75a6470a02f6ccdf92672f027b7b73b7aea https:/...
2026-04-15 12:07:00,060 - INFO - 🗑 Удалена строка: 0x03ebb75a6470a02f6ccdf92672f027b7b73b7aea https:/...
2026-04-15 12:07:00,076 - INFO - ⏳ Случайная задержка: 4 минут (мин 3)
2026-04-15 12:11:00,093 - INFO - 🔄 Обработка профиля: https://x.com/0mbre
2026-04-15 12:11:33,169 - INFO - 🔍 Проверка даты последних 2 твитов...
2026-04-15 12:11:33,317 - ERROR - ❌ Ошибка при проверке дат твитов: Locator.get_attribute: Error: strict mode violation: locator("article[data-testid=\"tweet\"]").first.locator("time") resolved to 2 elements:
    1) <time datetime="2026-04-10T22:15:51.000Z">Apr 10</time> aka get_by_role("link", name="Apr 10")
    2) <time datetime="2026-04-09T23:09:31.000Z">Apr 9</time> aka get_by_role("link", name="Grummz Verified account @")

Call log:
  - waiting for locator("article[data-testid=\"tweet\"]").first.locator("time")

2026-04-15 12:11:33,329 - INFO - ⛔ Пропуск неактивного профиля (твиты до 2025): https://x.com/0mbre
2026-04-15 12:11:33,338 - INFO - ✅ Сохранена отработанная строка: 0xa9f9c0eac673e215e7f18b38531b24c6b8edf861 https:/...
2026-04-15 12:11:33,350 - INFO - 🗑 Удалена строка: 0xa9f9c0eac673e215e7f18b38531b24c6b8edf861 https:/...
2026-04-15 12:11:33,360 - INFO - 🔄 Обработка профиля: https://x.com/honeymoatip
2026-04-15 12:11:59,679 - INFO - 🔍 Проверка даты последних 2 твитов...
2026-04-15 12:11:59,745 - INFO - 📅 Твит #1: 2026-04-09 (год 2026)
2026-04-15 12:11:59,768 - INFO - 📅 Твит #2: 2026-04-06 (год 2026)
2026-04-15 12:11:59,771 - INFO - ✅ Есть хотя бы один твит 2025+ — продолжаем
2026-04-15 12:11:59,799 - INFO - 👥 Фолловеров: 2912 (найдено: 2,912)
2026-04-15 12:12:04,936 - INFO - 🌍 Страна: Korea
2026-04-15 12:12:04,953 - INFO - ✅ Страна Korea — OK
2026-04-15 12:12:12,145 - INFO - ✅ Follow выполнен для https://x.com/honeymoatip
2026-04-15 12:12:16,152 - INFO - ❤️ Будем ставить 0 случайных лайка(ов) на профиле https://x.com/honeymoatip
2026-04-15 12:12:16,183 - INFO - ✅ Сохранена отработанная строка: 0x2172d639363103779515d1ee003ceeb03e3cd898 https:/...
2026-04-15 12:12:16,201 - INFO - 🗑 Удалена строка: 0x2172d639363103779515d1ee003ceeb03e3cd898 https:/...
2026-04-15 12:12:16,214 - INFO - ⏳ Случайная задержка: 5 минут (мин 3)
2026-04-15 12:17:16,230 - INFO - 🔄 Обработка профиля: https://x.com/matty_86
2026-04-15 12:17:40,643 - INFO - 🔍 Проверка даты последних 2 твитов...
2026-04-15 12:17:40,741 - INFO - 📅 Твит #1: 2025-05-14 (год 2025)
2026-04-15 12:17:40,768 - INFO - 📅 Твит #2: 2025-03-26 (год 2025)
2026-04-15 12:17:40,786 - INFO - ✅ Есть хотя бы один твит 2025+ — продолжаем
2026-04-15 12:17:40,810 - INFO - 👥 Фолловеров: 255 (найдено: 255)
2026-04-15 12:17:45,953 - INFO - 🌍 Страна: United Kingdom
2026-04-15 12:17:45,972 - INFO - ✅ Страна United Kingdom — OK
2026-04-15 12:17:53,182 - INFO - ✅ Follow выполнен для https://x.com/matty_86
2026-04-15 12:17:57,200 - INFO - ❤️ Будем ставить 1 случайных лайка(ов) на профиле https://x.com/matty_86
2026-04-15 12:18:00,806 - INFO - ✅ Поставлен лайк #1/1 на профиле https://x.com/matty_86
2026-04-15 12:18:00,816 - INFO - ✅ Сохранена отработанная строка: 0xa25bdd7578fe8b6d24146a50013663039377ed4e https:/...
2026-04-15 12:18:00,837 - INFO - 🗑 Удалена строка: 0xa25bdd7578fe8b6d24146a50013663039377ed4e https:/...
2026-04-15 12:18:00,855 - INFO - ⏳ Случайная задержка: 3 минут (мин 3)
2026-04-15 12:21:00,872 - INFO - 🔄 Обработка профиля: https://x.com/CreativityVent
2026-04-15 12:21:24,772 - INFO - 🔍 Проверка даты последних 2 твитов...
2026-04-15 12:21:24,854 - INFO - 📅 Твит #1: 2026-04-15 (год 2026)
2026-04-15 12:21:24,880 - INFO - 📅 Твит #2: 2026-04-14 (год 2026)
2026-04-15 12:21:24,896 - INFO - ✅ Есть хотя бы один твит 2025+ — продолжаем
2026-04-15 12:21:24,921 - INFO - 👥 Фолловеров: 100 (найдено: 100)
2026-04-15 12:21:30,106 - INFO - 🌍 Страна: Netherlands
2026-04-15 12:21:30,122 - INFO - ✅ Страна Netherlands — OK
2026-04-15 12:21:37,372 - INFO - ✅ Follow выполнен для https://x.com/CreativityVent
2026-04-15 12:21:41,392 - INFO - ❤️ Будем ставить 1 случайных лайка(ов) на профиле https://x.com/CreativityVent
2026-04-15 12:21:44,209 - INFO - ✅ Поставлен лайк #1/1 на профиле https://x.com/CreativityVent
2026-04-15 12:21:44,221 - INFO - ✅ Сохранена отработанная строка: 0x2506c6d15f2b847cc8dbabcbc2daf8dc1375ac8e https:/...
2026-04-15 12:21:44,233 - INFO - 🗑 Удалена строка: 0x2506c6d15f2b847cc8dbabcbc2daf8dc1375ac8e https:/...
2026-04-15 12:21:44,254 - INFO - ⏳ Случайная задержка: 5 минут (мин 3)
2026-04-15 12:26:44,271 - INFO - 🔄 Обработка профиля: https://x.com/Anastas60472866
2026-04-15 12:26:59,273 - INFO - 🔍 Проверка даты последних 2 твитов...
2026-04-15 12:26:59,343 - INFO - 📅 Твит #1: 2025-06-30 (год 2025)
2026-04-15 12:26:59,363 - INFO - 📅 Твит #2: 2025-06-19 (год 2025)
2026-04-15 12:26:59,367 - INFO - ✅ Есть хотя бы один твит 2025+ — продолжаем
2026-04-15 12:26:59,388 - INFO - 👥 Фолловеров: 89 (найдено: 89)
2026-04-15 12:27:04,680 - INFO - 🌍 Страна: Croatia
2026-04-15 12:27:04,696 - INFO - ✅ Страна Croatia — OK
2026-04-15 12:27:11,899 - INFO - ✅ Follow выполнен для https://x.com/Anastas60472866
2026-04-15 12:27:15,908 - INFO - ❤️ Будем ставить 0 случайных лайка(ов) на профиле https://x.com/Anastas60472866
2026-04-15 12:27:15,936 - INFO - ✅ Сохранена отработанная строка: 0xc7e67c4e7b0784e58ac5ae6a687ddf8171854517 https:/...
2026-04-15 12:27:15,952 - INFO - 🗑 Удалена строка: 0xc7e67c4e7b0784e58ac5ae6a687ddf8171854517 https:/...
2026-04-15 12:27:15,967 - INFO - ⏳ Случайная задержка: 4 минут (мин 3)
2026-04-15 12:31:15,980 - INFO - 🔄 Обработка профиля: https://x.com/eonwe24933329
2026-04-15 12:31:30,836 - INFO - 🔍 Проверка даты последних 2 твитов...
2026-04-15 12:31:30,892 - INFO - 📅 Твит #1: 2025-12-01 (год 2025)
2026-04-15 12:31:30,917 - INFO - 📅 Твит #2: 2025-10-18 (год 2025)
2026-04-15 12:31:30,932 - INFO - ✅ Есть хотя бы один твит 2025+ — продолжаем
2026-04-15 12:31:30,955 - INFO - 👥 Фолловеров: 60 (найдено: 60)
2026-04-15 12:31:36,091 - INFO - 🌍 Страна: Poland
2026-04-15 12:31:36,101 - INFO - ✅ Страна Poland — OK
2026-04-15 12:31:43,306 - INFO - ✅ Follow выполнен для https://x.com/eonwe24933329
2026-04-15 12:31:47,326 - INFO - ❤️ Будем ставить 0 случайных лайка(ов) на профиле https://x.com/eonwe24933329
2026-04-15 12:31:47,355 - INFO - ✅ Сохранена отработанная строка: 0xe810017540bab5f96ea478e84704af52403ce496 https:/...
2026-04-15 12:31:47,369 - INFO - 🗑 Удалена строка: 0xe810017540bab5f96ea478e84704af52403ce496 https:/...
2026-04-15 12:31:47,386 - INFO - ⏳ Случайная задержка: 5 минут (мин 3)
2026-04-15 12:36:47,395 - INFO - 🔄 Обработка профиля: https://x.com/Javi99574342
2026-04-15 12:37:10,814 - INFO - 🔍 Проверка даты последних 2 твитов...
2026-04-15 12:37:10,895 - INFO - 📅 Твит #1: 2026-01-20 (год 2026)
2026-04-15 12:37:10,971 - ERROR - ❌ Ошибка при проверке дат твитов: Locator.get_attribute: Error: strict mode violation: locator("article[data-testid=\"tweet\"]").nth(1).locator("time") resolved to 2 elements:
    1) <time datetime="2025-12-30T14:08:34.000Z">Dec 30, 2025</time> aka get_by_role("link", name="Dec 30,")
    2) <time datetime="2025-12-18T07:33:36.000Z">Dec 17, 2025</time> aka get_by_role("link", name="Square profile picture Soneium 💿 Verified account @soneium Dec 17, 2025")

Call log:
  - waiting for locator("article[data-testid=\"tweet\"]").nth(1).locator("time")

2026-04-15 12:37:10,997 - INFO - ⛔ Пропуск неактивного профиля (твиты до 2025): https://x.com/Javi99574342
2026-04-15 12:37:11,015 - INFO - ✅ Сохранена отработанная строка: 0x345668edb2fae69c3ab9b91e31a5c0d4d66fbc51 https:/...
2026-04-15 12:37:11,033 - INFO - 🗑 Удалена строка: 0x345668edb2fae69c3ab9b91e31a5c0d4d66fbc51 https:/...
2026-04-15 12:37:11,049 - INFO - 🔄 Обработка профиля: https://x.com/malechekmgu
2026-04-15 12:37:36,154 - INFO - 🔍 Проверка даты последних 2 твитов...
2026-04-15 12:37:36,252 - ERROR - ❌ Ошибка при проверке дат твитов: Locator.get_attribute: Error: strict mode violation: locator("article[data-testid=\"tweet\"]").first.locator("time") resolved to 2 elements:
    1) <time datetime="2025-10-15T12:14:43.000Z">Oct 15, 2025</time> aka get_by_role("link", name="Oct 15,")
    2) <time datetime="2025-05-28T09:39:41.000Z">May 28, 2025</time> aka get_by_role("link", name="Morkie Verified account @")

Call log:
  - waiting for locator("article[data-testid=\"tweet\"]").first.locator("time")

2026-04-15 12:37:36,261 - INFO - ⛔ Пропуск неактивного профиля (твиты до 2025): https://x.com/malechekmgu
2026-04-15 12:37:36,272 - INFO - ✅ Сохранена отработанная строка: 0x80b2baa6839e7ed6d5352b6a48315a552abab534 https:/...
2026-04-15 12:37:36,290 - INFO - 🗑 Удалена строка: 0x80b2baa6839e7ed6d5352b6a48315a552abab534 https:/...
2026-04-15 12:37:36,304 - INFO - 🔄 Обработка профиля: https://x.com/cryptozava
2026-04-15 12:37:55,776 - INFO - 🔍 Проверка даты последних 2 твитов...
2026-04-15 12:37:56,043 - ERROR - ❌ Ошибка при проверке дат твитов: Locator.get_attribute: Error: strict mode violation: locator("article[data-testid=\"tweet\"]").first.locator("time") resolved to 2 elements:
    1) <time datetime="2026-04-13T16:37:07.000Z">Apr 13</time> aka get_by_label("zava reposted").get_by_role("link", name="Apr 13", exact=True)
    2) <time datetime="2026-04-13T13:34:56.000Z">Apr 13</time> aka get_by_label("zava reposted").get_by_role("link", name="Sharbel Verified account @")

Call log:
  - waiting for locator("article[data-testid=\"tweet\"]").first.locator("time")

2026-04-15 12:37:56,058 - INFO - ⛔ Пропуск неактивного профиля (твиты до 2025): https://x.com/cryptozava
2026-04-15 12:37:56,067 - INFO - ✅ Сохранена отработанная строка: 0xd65222fc14bffb50b96037ece345f31d329ce5f6 https:/...
2026-04-15 12:37:56,079 - INFO - 🗑 Удалена строка: 0xd65222fc14bffb50b96037ece345f31d329ce5f6 https:/...
2026-04-15 12:37:56,099 - INFO - 🔄 Обработка профиля: https://x.com/0xKartik07
2026-04-15 12:38:15,117 - INFO - 🔍 Проверка даты последних 2 твитов...
2026-04-15 12:38:15,184 - INFO - 📅 Твит #1: 2025-12-31 (год 2025)
2026-04-15 12:38:16,429 - ERROR - ❌ Ошибка при проверке дат твитов: Locator.get_attribute: Error: strict mode violation: locator("article[data-testid=\"tweet\"]").nth(1).locator("time") resolved to 2 elements:
    1) <time datetime="2026-04-14T02:56:28.000Z">Apr 13</time> aka get_by_role("link", name="Apr 13", exact=True)
    2) <time datetime="2026-04-13T14:53:03.000Z">Apr 13</time> aka get_by_role("link", name="Umbra Privacy Verified")

Call log:
  - waiting for locator("article[data-testid=\"tweet\"]").nth(1).locator("time")

2026-04-15 12:38:16,445 - INFO - ⛔ Пропуск неактивного профиля (твиты до 2025): https://x.com/0xKartik07
2026-04-15 12:38:16,460 - INFO - ✅ Сохранена отработанная строка: 0x47d9e166f4a992814855aa35a5631e4f9f0eef44 https:/...
2026-04-15 12:38:16,477 - INFO - 🗑 Удалена строка: 0x47d9e166f4a992814855aa35a5631e4f9f0eef44 https:/...
2026-04-15 12:38:16,497 - INFO - 🔄 Обработка профиля: https://x.com/Mostafa__MA
2026-04-15 12:38:37,444 - INFO - 🔍 Проверка даты последних 2 твитов...
2026-04-15 12:38:37,504 - INFO - 📅 Твит #1: 2026-03-16 (год 2026)
2026-04-15 12:38:37,525 - INFO - 📅 Твит #2: 2026-03-15 (год 2026)
2026-04-15 12:38:37,538 - INFO - ✅ Есть хотя бы один твит 2025+ — продолжаем
2026-04-15 12:38:37,562 - INFO - 👥 Фолловеров: 492 (найдено: 492)
2026-04-15 12:38:42,717 - INFO - 🌍 Страна: Canada
2026-04-15 12:38:42,730 - INFO - ✅ Страна Canada — OK
2026-04-15 12:38:49,914 - INFO - ✅ Follow выполнен для https://x.com/Mostafa__MA
2026-04-15 12:38:53,929 - INFO - ❤️ Будем ставить 0 случайных лайка(ов) на профиле https://x.com/Mostafa__MA
2026-04-15 12:38:53,963 - INFO - ✅ Сохранена отработанная строка: 0x30d4d64b91863e7135a4582c20f38589a9ebc4e5 https:/...
2026-04-15 12:38:53,980 - INFO - 🗑 Удалена строка: 0x30d4d64b91863e7135a4582c20f38589a9ebc4e5 https:/...
2026-04-15 12:38:54,003 - INFO - ⏳ Случайная задержка: 4 минут (мин 3)
2026-04-15 12:42:54,015 - INFO - 🔄 Обработка профиля: https://x.com/rumqing
2026-04-15 12:43:09,780 - INFO - 🔍 Проверка даты последних 2 твитов...
2026-04-15 12:43:09,848 - INFO - 📅 Твит #1: 2025-03-24 (год 2025)
2026-04-15 12:43:09,871 - INFO - 📅 Твит #2: 2025-03-24 (год 2025)
2026-04-15 12:43:09,884 - INFO - ✅ Есть хотя бы один твит 2025+ — продолжаем
2026-04-15 12:43:09,904 - INFO - 👥 Фолловеров: 18 (найдено: 18)
2026-04-15 12:43:15,031 - INFO - 🌍 Страна не найдена — удаляем строку
2026-04-15 12:43:20,060 - INFO - ✅ Сохранена отработанная строка: 0x35865e3c7c9d64164edff812ff70cec483eb0443 https:/...
2026-04-15 12:43:20,081 - INFO - 🗑 Удалена строка: 0x35865e3c7c9d64164edff812ff70cec483eb0443 https:/...
2026-04-15 12:43:20,101 - INFO - 🔄 Обработка профиля: https://x.com/Lucasgoyer
2026-04-15 12:43:40,679 - INFO - 🔍 Проверка даты последних 2 твитов...
2026-04-15 12:43:40,746 - INFO - 📅 Твит #1: 2025-04-16 (год 2025)
2026-04-15 12:43:40,774 - INFO - 📅 Твит #2: 2025-03-21 (год 2025)
2026-04-15 12:43:40,789 - INFO - ✅ Есть хотя бы один твит 2025+ — продолжаем
2026-04-15 12:43:40,818 - INFO - 👥 Фолловеров: 530 (найдено: 530)
2026-04-15 12:43:45,975 - INFO - 🌍 Страна: Hong Kong
2026-04-15 12:43:45,995 - INFO - ✅ Страна Hong Kong — OK
2026-04-15 12:43:53,198 - INFO - ✅ Follow выполнен для https://x.com/Lucasgoyer
2026-04-15 12:43:57,217 - INFO - ❤️ Будем ставить 1 случайных лайка(ов) на профиле https://x.com/Lucasgoyer
2026-04-15 12:44:00,343 - INFO - ✅ Поставлен лайк #1/1 на профиле https://x.com/Lucasgoyer
2026-04-15 12:44:00,359 - INFO - ✅ Сохранена отработанная строка: 0x7a54374348377f1d9e22c7b47635d4133ec95977 https:/...
2026-04-15 12:44:00,380 - INFO - 🗑 Удалена строка: 0x7a54374348377f1d9e22c7b47635d4133ec95977 https:/...
2026-04-15 12:44:00,401 - INFO - ⏳ Случайная задержка: 4 минут (мин 3)
2026-04-15 12:48:00,417 - INFO - 🔄 Обработка профиля: https://x.com/GAORY_LEE
2026-04-15 12:48:19,011 - INFO - 🔍 Проверка даты последних 2 твитов...
2026-04-15 12:48:37,033 - ERROR - ❌ Ошибка при проверке дат твитов: Page.wait_for_selector: Timeout 18000ms exceeded.
Call log:
  - waiting for locator("article[data-testid=\"tweet\"]") to be visible

2026-04-15 12:48:37,041 - INFO - ⛔ Пропуск неактивного профиля (твиты до 2025): https://x.com/GAORY_LEE
2026-04-15 12:48:37,055 - INFO - ✅ Сохранена отработанная строка: 0xaf9b5cbe9c5c3f5be0255b3eaaa8f233a897048a https:/...
2026-04-15 12:48:37,074 - INFO - 🗑 Удалена строка: 0xaf9b5cbe9c5c3f5be0255b3eaaa8f233a897048a https:/...
2026-04-15 12:48:37,088 - INFO - 🔄 Обработка профиля: https://x.com/Lastship13
2026-04-15 12:48:55,998 - INFO - 🔍 Проверка даты последних 2 твитов...
2026-04-15 12:48:56,070 - INFO - 📅 Твит #1: 2026-03-12 (год 2026)
2026-04-15 12:48:56,099 - INFO - 📅 Твит #2: 2026-02-20 (год 2026)
2026-04-15 12:48:56,109 - INFO - ✅ Есть хотя бы один твит 2025+ — продолжаем
2026-04-15 12:48:56,141 - INFO - 👥 Фолловеров: 22 (найдено: 22)
2026-04-15 12:49:01,299 - INFO - 🌍 Страна: Viet Nam
2026-04-15 12:49:01,317 - INFO - ✅ Страна Viet Nam — OK
2026-04-15 12:49:08,548 - INFO - ✅ Follow выполнен для https://x.com/Lastship13
2026-04-15 12:49:12,562 - INFO - ❤️ Будем ставить 0 случайных лайка(ов) на профиле https://x.com/Lastship13
2026-04-15 12:49:12,588 - INFO - ✅ Сохранена отработанная строка: 0x3b159b84f3a0e493eccef0d8e0b87259e03f4028 https:/...
2026-04-15 12:49:12,606 - INFO - 🗑 Удалена строка: 0x3b159b84f3a0e493eccef0d8e0b87259e03f4028 https:/...
2026-04-15 12:49:12,624 - INFO - ⏳ Случайная задержка: 3 минут (мин 3)
2026-04-15 12:52:12,643 - INFO - 🔄 Обработка профиля: https://x.com/Bastionnarg
2026-04-15 12:52:29,954 - INFO - 🔍 Проверка даты последних 2 твитов...
2026-04-15 12:52:30,013 - INFO - 📅 Твит #1: 2025-01-03 (год 2025)
2026-04-15 12:52:30,041 - INFO - 📅 Твит #2: 2024-12-17 (год 2024)
2026-04-15 12:52:30,060 - INFO - ✅ Есть хотя бы один твит 2025+ — продолжаем
2026-04-15 12:52:30,088 - INFO - 👥 Фолловеров: 106 (найдено: 106)
2026-04-15 12:52:35,219 - INFO - 🌍 Страна: United States
2026-04-15 12:52:35,233 - INFO - ✅ Страна United States — OK
2026-04-15 12:52:42,449 - INFO - ✅ Follow выполнен для https://x.com/Bastionnarg
2026-04-15 12:52:46,467 - INFO - ❤️ Будем ставить 0 случайных лайка(ов) на профиле https://x.com/Bastionnarg
2026-04-15 12:52:46,504 - INFO - ✅ Сохранена отработанная строка: 0x578768d2c7c5beb60cccfc148a563c8378e281ec https:/...
2026-04-15 12:52:46,520 - INFO - 🗑 Удалена строка: 0x578768d2c7c5beb60cccfc148a563c8378e281ec https:/...
2026-04-15 12:52:46,537 - INFO - ⏳ Случайная задержка: 5 минут (мин 3)
2026-04-15 12:57:46,548 - INFO - 🔄 Обработка профиля: https://x.com/Anastasiya_kos
2026-04-15 12:58:01,854 - INFO - 🔍 Проверка даты последних 2 твитов...
2026-04-15 12:58:02,075 - ERROR - ❌ Ошибка при проверке дат твитов: Locator.get_attribute: Error: strict mode violation: locator("article[data-testid=\"tweet\"]").first.locator("time") resolved to 2 elements:
    1) <time datetime="2026-01-18T08:16:15.000Z">Jan 18</time> aka get_by_role("link", name="Jan 18")
    2) <time datetime="2025-12-03T13:01:29.000Z">Dec 3, 2025</time> aka get_by_label("112").get_by_role("link", name="Square profile picture ETHGAS")

Call log:
  - waiting for locator("article[data-testid=\"tweet\"]").first.locator("time")

2026-04-15 12:58:02,091 - INFO - ⛔ Пропуск неактивного профиля (твиты до 2025): https://x.com/Anastasiya_kos
2026-04-15 12:58:02,097 - INFO - ✅ Сохранена отработанная строка: 0x2f1566ee652fed136a5ef7038e8ee08b3ccc631f https:/...
2026-04-15 12:58:02,113 - INFO - 🗑 Удалена строка: 0x2f1566ee652fed136a5ef7038e8ee08b3ccc631f https:/...
2026-04-15 12:58:02,129 - INFO - 🔄 Обработка профиля: https://x.com/oliinykfvol777
2026-04-15 12:58:17,044 - INFO - 🔍 Проверка даты последних 2 твитов...
2026-04-15 12:58:17,205 - ERROR - ❌ Ошибка при проверке дат твитов: Locator.get_attribute: Error: strict mode violation: locator("article[data-testid=\"tweet\"]").first.locator("time") resolved to 2 elements:
    1) <time datetime="2026-04-15T18:57:03.000Z">1h</time> aka get_by_role("link", name="hour ago")
    2) <time datetime="2026-04-15T14:41:39.000Z">5h</time> aka get_by_role("link", name="Square profile picture kash Verified account @kash_bot 5 hours ago Automated by")

Call log:
  - waiting for locator("article[data-testid=\"tweet\"]").first.locator("time")

2026-04-15 12:58:17,217 - INFO - ⛔ Пропуск неактивного профиля (твиты до 2025): https://x.com/oliinykfvol777
2026-04-15 12:58:17,227 - INFO - ✅ Сохранена отработанная строка: 0x3f2bbc57cd3e7fdb8659db42c0b638e833b212dc https:/...
2026-04-15 12:58:17,244 - INFO - 🗑 Удалена строка: 0x3f2bbc57cd3e7fdb8659db42c0b638e833b212dc https:/...
2026-04-15 12:58:17,260 - INFO - 🔄 Обработка профиля: https://x.com/SerCrypto
2026-04-15 12:58:40,262 - INFO - 🔍 Проверка даты последних 2 твитов...
2026-04-15 12:58:40,321 - INFO - 📅 Твит #1: 2025-06-01 (год 2025)
2026-04-15 12:58:40,345 - INFO - 📅 Твит #2: 2026-02-20 (год 2026)
2026-04-15 12:58:40,363 - INFO - ✅ Есть хотя бы один твит 2025+ — продолжаем
2026-04-15 12:58:40,392 - INFO - 👥 Фолловеров: 1018 (найдено: 1,018)
2026-04-15 12:58:45,533 - INFO - 🌍 Страна: Viet Nam
2026-04-15 12:58:45,548 - INFO - ✅ Страна Viet Nam — OK
2026-04-15 12:58:52,737 - INFO - ✅ Follow выполнен для https://x.com/SerCrypto
2026-04-15 12:58:56,745 - INFO - ❤️ Будем ставить 0 случайных лайка(ов) на профиле https://x.com/SerCrypto
2026-04-15 12:58:56,767 - INFO - ✅ Сохранена отработанная строка: 0x77eb6203033a1dea9353dd257309e54a257692a4 https:/...
2026-04-15 12:58:56,777 - INFO - 🗑 Удалена строка: 0x77eb6203033a1dea9353dd257309e54a257692a4 https:/...
2026-04-15 12:58:56,782 - INFO - ⏳ Случайная задержка: 5 минут (мин 3)
2026-04-15 13:03:56,789 - INFO - 🔄 Обработка профиля: https://x.com/viktorinho99
2026-04-15 13:04:21,259 - INFO - 🔍 Проверка даты последних 2 твитов...
2026-04-15 13:04:21,334 - INFO - 📅 Твит #1: 2024-10-25 (год 2024)
2026-04-15 13:04:21,467 - ERROR - ❌ Ошибка при проверке дат твитов: Locator.get_attribute: Error: strict mode violation: locator("article[data-testid=\"tweet\"]").nth(1).locator("time") resolved to 2 elements:
    1) <time datetime="2024-06-08T20:04:11.000Z">Jun 8, 2024</time> aka get_by_role("link", name="Jun 8,")
    2) <time datetime="2024-02-21T17:13:12.000Z">Feb 21, 2024</time> aka get_by_label("Lengyel Viktor.fuel@viktorinho99·Jun 8,").get_by_role("link", name="Morkie Verified account @")

Call log:
  - waiting for locator("article[data-testid=\"tweet\"]").nth(1).locator("time")

2026-04-15 13:04:21,541 - INFO - ⛔ Пропуск неактивного профиля (твиты до 2025): https://x.com/viktorinho99
2026-04-15 13:04:21,559 - INFO - ✅ Сохранена отработанная строка: 0xf7d4f12818c9421cf6de84b12e4c88dd767d75b3 https:/...
2026-04-15 13:04:21,576 - INFO - 🗑 Удалена строка: 0xf7d4f12818c9421cf6de84b12e4c88dd767d75b3 https:/...
2026-04-15 13:04:21,592 - INFO - 🔄 Обработка профиля: https://x.com/84o2Gnl
2026-04-15 13:04:44,598 - INFO - 🔍 Проверка даты последних 2 твитов...
2026-04-15 13:04:44,659 - INFO - 📅 Твит #1: 2026-03-18 (год 2026)
2026-04-15 13:04:44,677 - INFO - 📅 Твит #2: 2026-03-23 (год 2026)
2026-04-15 13:04:44,693 - INFO - ✅ Есть хотя бы один твит 2025+ — продолжаем
2026-04-15 13:04:44,717 - INFO - 👥 Фолловеров: 325 (найдено: 325)
2026-04-15 13:04:49,866 - INFO - 🌍 Страна: Nigeria
2026-04-15 13:04:49,879 - INFO - ✅ Страна Nigeria — OK
2026-04-15 13:04:57,095 - INFO - ✅ Follow выполнен для https://x.com/84o2Gnl
2026-04-15 13:05:01,109 - INFO - ❤️ Будем ставить 0 случайных лайка(ов) на профиле https://x.com/84o2Gnl
2026-04-15 13:05:01,142 - INFO - ✅ Сохранена отработанная строка: 0x1fa8ef69a009034ba40ef71e482c48ddd03fe9f7 https:/...
2026-04-15 13:05:01,158 - INFO - 🗑 Удалена строка: 0x1fa8ef69a009034ba40ef71e482c48ddd03fe9f7 https:/...
2026-04-15 13:05:01,176 - INFO - ⏳ Случайная задержка: 5 минут (мин 3)
2026-04-15 13:10:01,191 - INFO - 🔄 Обработка профиля: https://x.com/farhadtehranian
2026-04-15 13:10:16,048 - INFO - 🔍 Проверка даты последних 2 твитов...
2026-04-15 13:10:16,127 - INFO - 📅 Твит #1: 2026-01-04 (год 2026)
2026-04-15 13:10:16,153 - INFO - 📅 Твит #2: 2026-01-04 (год 2026)
2026-04-15 13:10:16,170 - INFO - ✅ Есть хотя бы один твит 2025+ — продолжаем
2026-04-15 13:10:16,195 - INFO - 👥 Фолловеров: 24 (найдено: 24)
2026-04-15 13:10:21,323 - INFO - 🌍 Страна: Europe
2026-04-15 13:10:21,337 - INFO - ✅ Страна Europe — OK
2026-04-15 13:10:28,597 - INFO - ✅ Follow выполнен для https://x.com/farhadtehranian
2026-04-15 13:10:32,611 - INFO - ❤️ Будем ставить 1 случайных лайка(ов) на профиле https://x.com/farhadtehranian
2026-04-15 13:10:35,253 - INFO - ✅ Поставлен лайк #1/1 на профиле https://x.com/farhadtehranian
2026-04-15 13:10:35,266 - INFO - ✅ Сохранена отработанная строка: 0x87aebb7928259a9f2c358d2580bbe1e4aa29afce https:/...
2026-04-15 13:10:35,279 - INFO - 🗑 Удалена строка: 0x87aebb7928259a9f2c358d2580bbe1e4aa29afce https:/...
2026-04-15 13:10:35,295 - INFO - ⏳ Случайная задержка: 3 минут (мин 3)
2026-04-15 13:13:35,319 - INFO - 🔄 Обработка профиля: https://x.com/vsdhuohu
2026-04-15 13:13:50,940 - INFO - 🔍 Проверка даты последних 2 твитов...
2026-04-15 13:13:51,037 - INFO - 📅 Твит #1: 2026-01-15 (год 2026)
2026-04-15 13:13:55,754 - ERROR - ❌ Ошибка при проверке дат твитов: Locator.get_attribute: Error: strict mode violation: locator("article[data-testid=\"tweet\"]").nth(1).locator("time") resolved to 2 elements:
    1) <time datetime="2026-01-15T04:36:01.000Z">Jan 14</time> aka get_by_role("article", name="vsdhuohu | ETHGas ⛽ @vsdhuohu Jan 14 Introducing the Open Gas Initiative by").get_by_label("Jan")
    2) <time datetime="2025-12-03T13:01:29.000Z">Dec 3, 2025</time> aka get_by_role("link", name="Square profile picture ETHGAS")

Call log:
  - waiting for locator("article[data-testid=\"tweet\"]").nth(1).locator("time")

2026-04-15 13:13:55,778 - INFO - ⛔ Пропуск неактивного профиля (твиты до 2025): https://x.com/vsdhuohu
2026-04-15 13:13:55,791 - INFO - ✅ Сохранена отработанная строка: 0x94432510ca2651e26262d5c72b120a50b40a2c3f https:/...
2026-04-15 13:13:55,805 - INFO - 🗑 Удалена строка: 0x94432510ca2651e26262d5c72b120a50b40a2c3f https:/...
2026-04-15 13:13:55,819 - INFO - 🔄 Обработка профиля: https://x.com/kotMurkot_
2026-04-15 13:14:08,658 - INFO - 🔍 Проверка даты последних 2 твитов...
2026-04-15 13:14:08,727 - INFO - 📅 Твит #1: 2025-02-26 (год 2025)
2026-04-15 13:14:08,751 - INFO - 📅 Твит #2: 2025-02-12 (год 2025)
2026-04-15 13:14:08,766 - INFO - ✅ Есть хотя бы один твит 2025+ — продолжаем
2026-04-15 13:14:08,794 - INFO - 👥 Фолловеров: 50 (найдено: 50)
2026-04-15 13:14:13,937 - INFO - 🌍 Страна не найдена — удаляем строку
2026-04-15 13:14:18,962 - INFO - ✅ Сохранена отработанная строка: 0x399dbf839edcdc626b44d67aae28331161153815 https:/...
2026-04-15 13:14:18,980 - INFO - 🗑 Удалена строка: 0x399dbf839edcdc626b44d67aae28331161153815 https:/...
2026-04-15 13:14:19,002 - INFO - 🔄 Обработка профиля: https://x.com/shehryar_shuja
2026-04-15 13:14:31,825 - INFO - 🔍 Проверка даты последних 2 твитов...
2026-04-15 13:14:31,998 - INFO - 📅 Твит #1: 2026-03-12 (год 2026)
2026-04-15 13:14:32,025 - INFO - 📅 Твит #2: 2026-03-09 (год 2026)
2026-04-15 13:14:32,035 - INFO - ✅ Есть хотя бы один твит 2025+ — продолжаем
2026-04-15 13:14:32,074 - INFO - 👥 Фолловеров: 93 (найдено: 93)
2026-04-15 13:14:37,234 - INFO - 🌍 Страна: Pakistan
2026-04-15 13:14:37,247 - INFO - ✅ Страна Pakistan — OK
2026-04-15 13:14:44,473 - INFO - ✅ Follow выполнен для https://x.com/shehryar_shuja
2026-04-15 13:14:48,499 - INFO - ❤️ Будем ставить 1 случайных лайка(ов) на профиле https://x.com/shehryar_shuja
2026-04-15 13:14:51,652 - INFO - ✅ Поставлен лайк #1/1 на профиле https://x.com/shehryar_shuja
2026-04-15 13:14:51,667 - INFO - ✅ Сохранена отработанная строка: 0xff3373385c50e437c2d0e2e57bbfb4e17687b3ff https:/...
2026-04-15 13:14:51,684 - INFO - 🗑 Удалена строка: 0xff3373385c50e437c2d0e2e57bbfb4e17687b3ff https:/...
2026-04-15 13:14:51,700 - INFO - ⏳ Случайная задержка: 5 минут (мин 3)
2026-04-15 13:19:51,721 - INFO - 🔄 Обработка профиля: https://x.com/a13xgr3k
2026-04-15 13:20:05,510 - INFO - 🔍 Проверка даты последних 2 твитов...
2026-04-15 13:20:05,637 - ERROR - ❌ Ошибка при проверке дат твитов: Locator.get_attribute: Error: strict mode violation: locator("article[data-testid=\"tweet\"]").first.locator("time") resolved to 2 elements:
    1) <time datetime="2026-02-06T02:51:31.000Z">Feb 5</time> aka get_by_role("link", name="Feb 5")
    2) <time datetime="2026-02-04T10:25:09.000Z">Feb 4</time> aka get_by_role("link", name="Square profile picture Binance Wallet Verified account @BinanceWallet Feb 4 Get")

Call log:
  - waiting for locator("article[data-testid=\"tweet\"]").first.locator("time")

2026-04-15 13:20:05,648 - INFO - ⛔ Пропуск неактивного профиля (твиты до 2025): https://x.com/a13xgr3k
2026-04-15 13:20:05,661 - INFO - ✅ Сохранена отработанная строка: 0xe7c7acbaee750525fa15c20efe8a2264f2155581 https:/...
2026-04-15 13:20:05,669 - INFO - 🗑 Удалена строка: 0xe7c7acbaee750525fa15c20efe8a2264f2155581 https:/...
2026-04-15 13:20:05,684 - INFO - 🔄 Обработка профиля: https://x.com/Adept_Veb
2026-04-15 13:20:18,634 - INFO - 🔍 Проверка даты последних 2 твитов...
2026-04-15 13:20:18,689 - INFO - 📅 Твит #1: 2026-03-04 (год 2026)
2026-04-15 13:20:18,723 - INFO - 📅 Твит #2: 2026-03-04 (год 2026)
2026-04-15 13:20:18,739 - INFO - ✅ Есть хотя бы один твит 2025+ — продолжаем
2026-04-15 13:20:18,761 - INFO - 👥 Фолловеров: 103 (найдено: 103)
2026-04-15 13:20:23,915 - INFO - 🌍 Страна: Latvia
2026-04-15 13:20:23,930 - INFO - ✅ Страна Latvia — OK
2026-04-15 13:20:31,128 - INFO - ✅ Follow выполнен для https://x.com/Adept_Veb
2026-04-15 13:20:35,145 - INFO - ❤️ Будем ставить 0 случайных лайка(ов) на профиле https://x.com/Adept_Veb
2026-04-15 13:20:35,173 - INFO - ✅ Сохранена отработанная строка: 0x3ab103967fafd67392573e99b8c942a096c8e4f9 https:/...
2026-04-15 13:20:35,181 - INFO - 🗑 Удалена строка: 0x3ab103967fafd67392573e99b8c942a096c8e4f9 https:/...
2026-04-15 13:20:35,186 - INFO - ⏳ Случайная задержка: 5 минут (мин 3)
2026-04-15 13:25:35,192 - INFO - 🔄 Обработка профиля: https://x.com/SanyaOpanas
2026-04-15 13:25:49,211 - INFO - 🔍 Проверка даты последних 2 твитов...
2026-04-15 13:25:49,287 - INFO - 📅 Твит #1: 2026-01-19 (год 2026)
2026-04-15 13:25:49,309 - INFO - 📅 Твит #2: 2026-01-17 (год 2026)
2026-04-15 13:25:49,323 - INFO - ✅ Есть хотя бы один твит 2025+ — продолжаем
2026-04-15 13:25:49,352 - INFO - 👥 Фолловеров: 28 (найдено: 28)
2026-04-15 13:25:54,490 - INFO - 🌍 Страна: Netherlands
2026-04-15 13:25:54,509 - INFO - ✅ Страна Netherlands — OK
2026-04-15 13:26:01,776 - INFO - ✅ Follow выполнен для https://x.com/SanyaOpanas
2026-04-15 13:26:05,790 - INFO - ❤️ Будем ставить 1 случайных лайка(ов) на профиле https://x.com/SanyaOpanas
2026-04-15 13:26:08,961 - INFO - ✅ Поставлен лайк #1/1 на профиле https://x.com/SanyaOpanas
2026-04-15 13:26:08,971 - INFO - ✅ Сохранена отработанная строка: 0x12aa47053c0310a3c0fc8a4531bdc8037c5e2614 https:/...
2026-04-15 13:26:08,992 - INFO - 🗑 Удалена строка: 0x12aa47053c0310a3c0fc8a4531bdc8037c5e2614 https:/...
2026-04-15 13:26:09,009 - INFO - ⏳ Случайная задержка: 5 минут (мин 3)
2026-04-15 13:31:09,027 - INFO - 🔄 Обработка профиля: https://x.com/ElwisCamus
2026-04-15 13:31:22,452 - INFO - 🔍 Проверка даты последних 2 твитов...
2026-04-15 13:31:22,533 - INFO - 📅 Твит #1: 2026-02-17 (год 2026)
2026-04-15 13:31:22,553 - INFO - 📅 Твит #2: 2026-02-05 (год 2026)
2026-04-15 13:31:22,566 - INFO - ✅ Есть хотя бы один твит 2025+ — продолжаем
2026-04-15 13:31:22,590 - INFO - 👥 Фолловеров: 103 (найдено: 103)
2026-04-15 13:31:27,723 - INFO - 🌍 Страна: Spain
2026-04-15 13:31:27,741 - INFO - ⏭ Пропуск: недопустимая страна Spain
2026-04-15 13:31:32,765 - INFO - ✅ Сохранена отработанная строка: 0x0609a21f7f448350f6750417281c6a43acf5a068 https:/...
2026-04-15 13:31:32,785 - INFO - 🗑 Удалена строка: 0x0609a21f7f448350f6750417281c6a43acf5a068 https:/...
2026-04-15 13:31:32,806 - INFO - 🔄 Обработка профиля: https://x.com/yumediamk
2026-04-15 13:31:55,541 - INFO - 🔍 Проверка даты последних 2 твитов...
2026-04-15 13:31:55,600 - INFO - 📅 Твит #1: 2026-04-15 (год 2026)
2026-04-15 13:32:04,945 - ERROR - ❌ Ошибка при проверке дат твитов: Locator.get_attribute: Error: strict mode violation: locator("article[data-testid=\"tweet\"]").nth(1).locator("time") resolved to 2 elements:
    1) <time datetime="2026-04-15T09:00:01.000Z">11h</time> aka get_by_role("article", name="yumediamk | ETHGas ⛽ Zetarium reposted ホームセンターコーナン Verified account @").get_by_label("hours ago")
    2) <time datetime="2026-03-27T07:20:00.000Z">Mar 27</time> aka get_by_role("link", name="ホームセンターコーナン Verified account @kohnan_official Mar 27 Image Image Image Image")

Call log:
  - waiting for locator("article[data-testid=\"tweet\"]").nth(1).locator("time")

2026-04-15 13:32:04,971 - INFO - ⛔ Пропуск неактивного профиля (твиты до 2025): https://x.com/yumediamk
2026-04-15 13:32:04,988 - INFO - ✅ Сохранена отработанная строка: 0xfb7dd9e8b6d84945b7951516d90840ad278189be https:/...
2026-04-15 13:32:05,009 - INFO - 🗑 Удалена строка: 0xfb7dd9e8b6d84945b7951516d90840ad278189be https:/...
2026-04-15 13:32:05,024 - INFO - 🔄 Обработка профиля: https://x.com/tothesky254
2026-04-15 13:32:23,461 - INFO - 🔍 Проверка даты последних 2 твитов...
2026-04-15 13:32:23,515 - INFO - 📅 Твит #1: 2026-01-15 (год 2026)
2026-04-15 13:32:23,542 - INFO - 📅 Твит #2: 2025-11-18 (год 2025)
2026-04-15 13:32:23,559 - INFO - ✅ Есть хотя бы один твит 2025+ — продолжаем
2026-04-15 13:32:23,587 - INFO - 👥 Фолловеров: 61 (найдено: 61)
2026-04-15 13:32:28,736 - INFO - 🌍 Страна: Korea
2026-04-15 13:32:28,751 - INFO - ✅ Страна Korea — OK
2026-04-15 13:32:35,966 - INFO - ✅ Follow выполнен для https://x.com/tothesky254
2026-04-15 13:32:39,984 - INFO - ❤️ Будем ставить 1 случайных лайка(ов) на профиле https://x.com/tothesky254
2026-04-15 13:32:42,638 - INFO - ✅ Поставлен лайк #1/1 на профиле https://x.com/tothesky254
2026-04-15 13:32:42,653 - INFO - ✅ Сохранена отработанная строка: 0xf8a2c6db32b73f762d0f6abc136a20b3f4ccd004 https:/...
2026-04-15 13:32:42,685 - INFO - 🗑 Удалена строка: 0xf8a2c6db32b73f762d0f6abc136a20b3f4ccd004 https:/...
2026-04-15 13:32:42,701 - INFO - ⏳ Случайная задержка: 5 минут (мин 3)
2026-04-15 13:37:42,713 - INFO - 🔄 Обработка профиля: https://x.com/rksurana85
2026-04-15 13:37:58,299 - INFO - 🔍 Проверка даты последних 2 твитов...
2026-04-15 13:37:58,381 - INFO - 📅 Твит #1: 2025-09-29 (год 2025)
2026-04-15 13:37:58,425 - INFO - 📅 Твит #2: 2025-05-15 (год 2025)
2026-04-15 13:37:58,441 - INFO - ✅ Есть хотя бы один твит 2025+ — продолжаем
2026-04-15 13:37:58,495 - INFO - 👥 Фолловеров: 48 (найдено: 48)
2026-04-15 13:38:03,667 - INFO - 🌍 Страна: India
2026-04-15 13:38:03,683 - INFO - ✅ Страна India — OK
2026-04-15 13:38:10,934 - INFO - ✅ Follow выполнен для https://x.com/rksurana85
2026-04-15 13:38:14,953 - INFO - ❤️ Будем ставить 0 случайных лайка(ов) на профиле https://x.com/rksurana85
2026-04-15 13:38:14,980 - INFO - ✅ Сохранена отработанная строка: 0x8cbe077015b0eeb29f89746e2dd43eb38faf070a https:/...
2026-04-15 13:38:14,999 - INFO - 🗑 Удалена строка: 0x8cbe077015b0eeb29f89746e2dd43eb38faf070a https:/...
2026-04-15 13:38:15,020 - INFO - ⏳ Случайная задержка: 3 минут (мин 3)
2026-04-15 13:41:15,040 - INFO - 🔄 Обработка профиля: https://x.com/qlonline
2026-04-15 13:41:32,689 - INFO - 🔍 Проверка даты последних 2 твитов...
2026-04-15 13:41:32,991 - ERROR - ❌ Ошибка при проверке дат твитов: Locator.get_attribute: Error: strict mode violation: locator("article[data-testid=\"tweet\"]").first.locator("time") resolved to 2 elements:
    1) <time datetime="2026-04-15T11:08:04.000Z">9h</time> aka get_by_role("link", name="9 hours ago")
    2) <time datetime="2026-04-15T10:23:48.000Z">10h</time> aka get_by_role("link", name="Square profile picture Gate")

Call log:
  - waiting for locator("article[data-testid=\"tweet\"]").first.locator("time")

2026-04-15 13:41:33,008 - INFO - ⛔ Пропуск неактивного профиля (твиты до 2025): https://x.com/qlonline
2026-04-15 13:41:33,021 - INFO - ✅ Сохранена отработанная строка: 0xe2680c6c726d2fbd9f8766e6c6d0bfd289414122 https:/...
2026-04-15 13:41:33,032 - INFO - 🗑 Удалена строка: 0xe2680c6c726d2fbd9f8766e6c6d0bfd289414122 https:/...
2026-04-15 13:41:33,045 - INFO - 🔄 Обработка профиля: https://x.com/iamllanero
2026-04-15 13:41:44,903 - INFO - 🔍 Проверка даты последних 2 твитов...
2026-04-15 13:41:44,965 - INFO - 📅 Твит #1: 2024-11-29 (год 2024)
2026-04-15 13:41:44,999 - INFO - 📅 Твит #2: 2024-11-21 (год 2024)
2026-04-15 13:41:45,015 - INFO - ⛔ Последние 2 твита до 2025 года — удаляем строку
2026-04-15 13:41:45,031 - INFO - ⛔ Пропуск неактивного профиля (твиты до 2025): https://x.com/iamllanero
2026-04-15 13:41:45,045 - INFO - ✅ Сохранена отработанная строка: 0x3bc00c9b10a3a910a0bdba898f2e6d6ef3fe7289 https:/...
2026-04-15 13:41:45,060 - INFO - 🗑 Удалена строка: 0x3bc00c9b10a3a910a0bdba898f2e6d6ef3fe7289 https:/...
2026-04-15 13:41:45,074 - INFO - 🔄 Обработка профиля: https://x.com/suicizt
2026-04-15 13:41:55,779 - INFO - 🔍 Проверка даты последних 2 твитов...
2026-04-15 13:41:55,854 - INFO - 📅 Твит #1: 2026-04-13 (год 2026)
2026-04-15 13:41:55,884 - INFO - 📅 Твит #2: 2026-02-08 (год 2026)
2026-04-15 13:41:55,897 - INFO - ✅ Есть хотя бы один твит 2025+ — продолжаем
2026-04-15 13:41:55,955 - INFO - 👥 Фолловеров: 1587 (найдено: 1,587)
2026-04-15 13:42:01,127 - INFO - 🌍 Страна: United States
2026-04-15 13:42:01,138 - INFO - ✅ Страна United States — OK
2026-04-15 13:42:08,477 - INFO - ✅ Follow выполнен для https://x.com/suicizt
2026-04-15 13:42:12,493 - INFO - ❤️ Будем ставить 0 случайных лайка(ов) на профиле https://x.com/suicizt
2026-04-15 13:42:12,517 - INFO - ✅ Сохранена отработанная строка: 0xe7f6737854bd13082daac54d19a98df5f1c54b2a https:/...
2026-04-15 13:42:12,535 - INFO - 🗑 Удалена строка: 0xe7f6737854bd13082daac54d19a98df5f1c54b2a https:/...
2026-04-15 13:42:12,551 - INFO - ⏳ Случайная задержка: 5 минут (мин 3)
2026-04-15 13:47:12,566 - INFO - 🔄 Обработка профиля: https://x.com/DrCrypto0098
2026-04-15 13:47:24,428 - INFO - 🔍 Проверка даты последних 2 твитов...
2026-04-15 13:47:24,507 - INFO - 📅 Твит #1: 2026-02-20 (год 2026)
2026-04-15 13:47:24,530 - INFO - 📅 Твит #2: 2026-02-27 (год 2026)
2026-04-15 13:47:24,546 - INFO - ✅ Есть хотя бы один твит 2025+ — продолжаем
2026-04-15 13:47:24,577 - INFO - 👥 Фолловеров: 490 (найдено: 490)
2026-04-15 13:47:29,735 - INFO - 🌍 Страна: Europe
2026-04-15 13:47:29,747 - INFO - ✅ Страна Europe — OK
2026-04-15 13:47:37,928 - INFO - ✅ Follow выполнен для https://x.com/DrCrypto0098
2026-04-15 13:47:41,950 - INFO - ❤️ Будем ставить 1 случайных лайка(ов) на профиле https://x.com/DrCrypto0098
2026-04-15 13:47:45,320 - INFO - ✅ Поставлен лайк #1/1 на профиле https://x.com/DrCrypto0098
2026-04-15 13:47:45,335 - INFO - ✅ Сохранена отработанная строка: 0x0efd092817edf0d1e2848423e71cf7f5cbbd3083 https:/...
2026-04-15 13:47:45,350 - INFO - 🗑 Удалена строка: 0x0efd092817edf0d1e2848423e71cf7f5cbbd3083 https:/...
2026-04-15 13:47:45,365 - INFO - ⏳ Случайная задержка: 5 минут (мин 3)
2026-04-15 13:52:45,383 - INFO - 🔄 Обработка профиля: https://x.com/71arsti
2026-04-15 13:52:58,162 - INFO - 🔍 Проверка даты последних 2 твитов...
2026-04-15 13:52:58,223 - INFO - 📅 Твит #1: 2026-04-09 (год 2026)
2026-04-15 13:52:58,252 - INFO - 📅 Твит #2: 2026-04-09 (год 2026)
2026-04-15 13:52:58,268 - INFO - ✅ Есть хотя бы один твит 2025+ — продолжаем
2026-04-15 13:52:58,293 - INFO - 👥 Фолловеров: 316 (найдено: 316)
2026-04-15 13:53:03,431 - INFO - 🌍 Страна: Thailand
2026-04-15 13:53:03,442 - INFO - ✅ Страна Thailand — OK
2026-04-15 13:53:10,632 - INFO - ✅ Follow выполнен для https://x.com/71arsti
2026-04-15 13:53:14,649 - INFO - ❤️ Будем ставить 1 случайных лайка(ов) на профиле https://x.com/71arsti
2026-04-15 13:53:16,656 - INFO - ✅ Поставлен лайк #1/1 на профиле https://x.com/71arsti
2026-04-15 13:53:16,670 - INFO - ✅ Сохранена отработанная строка: 0x6210d21df49befe7928eb5469af1856590c8df04 https:/...
2026-04-15 13:53:16,686 - INFO - 🗑 Удалена строка: 0x6210d21df49befe7928eb5469af1856590c8df04 https:/...
2026-04-15 13:53:16,701 - INFO - ⏳ Случайная задержка: 5 минут (мин 3)
2026-04-15 13:58:16,714 - INFO - 🔄 Обработка профиля: https://x.com/rdtm0
2026-04-15 13:58:36,111 - INFO - 🔍 Проверка даты последних 2 твитов...
2026-04-15 13:58:36,187 - INFO - 📅 Твит #1: 2026-01-02 (год 2026)
2026-04-15 13:58:36,212 - INFO - 📅 Твит #2: 2025-10-24 (год 2025)
2026-04-15 13:58:36,230 - INFO - ✅ Есть хотя бы один твит 2025+ — продолжаем
2026-04-15 13:58:36,260 - INFO - 👥 Фолловеров: 69 (найдено: 69)
2026-04-15 13:58:41,384 - INFO - 🌍 Страна: Indonesia
2026-04-15 13:58:41,399 - INFO - ✅ Страна Indonesia — OK
2026-04-15 13:58:48,619 - INFO - ✅ Follow выполнен для https://x.com/rdtm0
2026-04-15 13:58:52,630 - INFO - ❤️ Будем ставить 0 случайных лайка(ов) на профиле https://x.com/rdtm0
2026-04-15 13:58:52,661 - INFO - ✅ Сохранена отработанная строка: 0x7796a506ecd80984fa6b5b9e0f5db0dea9b89534 https:/...
2026-04-15 13:58:52,678 - INFO - 🗑 Удалена строка: 0x7796a506ecd80984fa6b5b9e0f5db0dea9b89534 https:/...
2026-04-15 13:58:52,695 - INFO - ⏳ Случайная задержка: 4 минут (мин 3)
2026-04-15 14:02:52,707 - INFO - 🔄 Обработка профиля: https://x.com/glowsconces
2026-04-15 14:03:15,328 - INFO - 🔍 Проверка даты последних 2 твитов...
2026-04-15 14:03:15,376 - INFO - 📅 Твит #1: 2026-01-22 (год 2026)
2026-04-15 14:03:15,396 - INFO - 📅 Твит #2: 2026-03-19 (год 2026)
2026-04-15 14:03:15,412 - INFO - ✅ Есть хотя бы один твит 2025+ — продолжаем
2026-04-15 14:03:15,441 - INFO - 👥 Фолловеров: 254 (найдено: 254)
2026-04-15 14:03:20,593 - INFO - 🌍 Страна: United States
2026-04-15 14:03:20,608 - INFO - ✅ Страна United States — OK
2026-04-15 14:03:27,762 - INFO - ✅ Follow выполнен для https://x.com/glowsconces
2026-04-15 14:03:31,777 - INFO - ❤️ Будем ставить 1 случайных лайка(ов) на профиле https://x.com/glowsconces
2026-04-15 14:03:34,267 - INFO - ✅ Поставлен лайк #1/1 на профиле https://x.com/glowsconces
2026-04-15 14:03:34,277 - INFO - ✅ Сохранена отработанная строка: 0x25b508ac38f6a623c99271f9272aa80ccb0cd619 https:/...
2026-04-15 14:03:34,295 - INFO - 🗑 Удалена строка: 0x25b508ac38f6a623c99271f9272aa80ccb0cd619 https:/...
2026-04-15 14:03:34,309 - INFO - ⏳ Случайная задержка: 3 минут (мин 3)
2026-04-15 14:06:34,328 - INFO - 🔄 Обработка профиля: https://x.com/_lazos935
2026-04-15 14:06:51,285 - INFO - 🔍 Проверка даты последних 2 твитов...
2026-04-15 14:06:51,355 - INFO - 📅 Твит #1: 2026-01-19 (год 2026)
2026-04-15 14:06:51,377 - INFO - 📅 Твит #2: 2026-03-11 (год 2026)
2026-04-15 14:06:51,389 - INFO - ✅ Есть хотя бы один твит 2025+ — продолжаем
2026-04-15 14:06:51,414 - INFO - 👥 Фолловеров: 431 (найдено: 431)
2026-04-15 14:06:56,551 - INFO - 🌍 Страна: Cyprus
2026-04-15 14:06:56,565 - INFO - ✅ Страна Cyprus — OK
2026-04-15 14:07:03,764 - INFO - ✅ Follow выполнен для https://x.com/_lazos935
2026-04-15 14:07:07,781 - INFO - ❤️ Будем ставить 1 случайных лайка(ов) на профиле https://x.com/_lazos935
2026-04-15 14:07:10,847 - INFO - ✅ Поставлен лайк #1/1 на профиле https://x.com/_lazos935
2026-04-15 14:07:10,863 - INFO - ✅ Сохранена отработанная строка: 0x47b9857fd53e0bda751abaf0568313e1d946a5cf https:/...
2026-04-15 14:07:10,879 - INFO - 🗑 Удалена строка: 0x47b9857fd53e0bda751abaf0568313e1d946a5cf https:/...
2026-04-15 14:07:10,890 - INFO - ⏳ Случайная задержка: 3 минут (мин 3)
2026-04-15 14:10:10,897 - INFO - 🔄 Обработка профиля: https://x.com/clarkko3
2026-04-15 14:10:24,442 - INFO - 🔍 Проверка даты последних 2 твитов...
2026-04-15 14:10:24,839 - ERROR - ❌ Ошибка при проверке дат твитов: Locator.get_attribute: Error: strict mode violation: locator("article[data-testid=\"tweet\"]").first.locator("time") resolved to 2 elements:
    1) <time datetime="2026-03-26T07:41:53.000Z">Mar 26</time> aka get_by_role("article", name="clark Verified account @clarkko3 Mar 26 AIは 効率を上げるツールではない 格差を拡大する装置 使う企業は加速し 使わない企業は止まる 問題は ほとんどの人が まだ気づいていないこと これは覚えておくべき構造 Quote Eric Glyman Verified account @eglyman Mar 25 Since 2023, the top quartile of AI spenders on @tryramp have more than doubled their revenue. Bottom quartile? Flat A roofing company in Texas. A window installer in Utah. A construction firm in Florida that grew 65% The gap is accelerating and most companies don't feel it yet x.com/eglyman/status… Image", exact=True).get_by_label("Mar 26")
    2) <time datetime="2026-03-25T14:31:55.000Z">Mar 25</time> aka get_by_role("link", name="Eric Glyman Verified account")

Call log:
  - waiting for locator("article[data-testid=\"tweet\"]").first.locator("time")

2026-04-15 14:10:24,891 - INFO - ⛔ Пропуск неактивного профиля (твиты до 2025): https://x.com/clarkko3
2026-04-15 14:10:24,905 - INFO - ✅ Сохранена отработанная строка: 0x0d8f6e322f96cdd0ee1a5dc4bfb4c2d198217c20 https:/...
2026-04-15 14:10:24,920 - INFO - 🗑 Удалена строка: 0x0d8f6e322f96cdd0ee1a5dc4bfb4c2d198217c20 https:/...
2026-04-15 14:10:24,937 - INFO - 🔄 Обработка профиля: https://x.com/le_vig
2026-04-15 14:10:39,219 - INFO - 🔍 Проверка даты последних 2 твитов...
2026-04-15 14:10:39,276 - INFO - 📅 Твит #1: 2025-04-28 (год 2025)
2026-04-15 14:10:39,301 - INFO - 📅 Твит #2: 2025-12-01 (год 2025)
2026-04-15 14:10:39,316 - INFO - ✅ Есть хотя бы один твит 2025+ — продолжаем
2026-04-15 14:10:39,338 - INFO - 👥 Фолловеров: 82 (найдено: 82)
2026-04-15 14:10:44,491 - INFO - 🌍 Страна: France
2026-04-15 14:10:44,501 - INFO - ✅ Страна France — OK
2026-04-15 14:10:51,711 - INFO - ✅ Follow выполнен для https://x.com/le_vig
2026-04-15 14:10:55,724 - INFO - ❤️ Будем ставить 1 случайных лайка(ов) на профиле https://x.com/le_vig
2026-04-15 14:10:59,088 - INFO - ✅ Поставлен лайк #1/1 на профиле https://x.com/le_vig
2026-04-15 14:10:59,101 - INFO - ✅ Сохранена отработанная строка: 0x51c51e651df6db7f1a6f54a8d6ad4bf89b73412c https:/...
2026-04-15 14:10:59,116 - INFO - 🗑 Удалена строка: 0x51c51e651df6db7f1a6f54a8d6ad4bf89b73412c https:/...
2026-04-15 14:10:59,132 - INFO - ⏳ Случайная задержка: 3 минут (мин 3)
2026-04-15 14:13:59,148 - INFO - 🔄 Обработка профиля: https://x.com/AnzAraX
2026-04-15 14:14:12,751 - INFO - 🔍 Проверка даты последних 2 твитов...
2026-04-15 14:14:12,835 - INFO - 📅 Твит #1: 2024-12-24 (год 2024)
2026-04-15 14:14:12,855 - INFO - 📅 Твит #2: 2024-06-13 (год 2024)
2026-04-15 14:14:12,867 - INFO - ⛔ Последние 2 твита до 2025 года — удаляем строку
2026-04-15 14:14:12,875 - INFO - ⛔ Пропуск неактивного профиля (твиты до 2025): https://x.com/AnzAraX
2026-04-15 14:14:12,893 - INFO - ✅ Сохранена отработанная строка: 0x7756b5c3fb45335a2abbf4bf1cb069c02664365e https:/...
2026-04-15 14:14:12,909 - INFO - 🗑 Удалена строка: 0x7756b5c3fb45335a2abbf4bf1cb069c02664365e https:/...
2026-04-15 14:14:12,921 - INFO - 🔄 Обработка профиля: https://x.com/mabo1966
2026-04-15 14:14:24,664 - INFO - 🔍 Проверка даты последних 2 твитов...
2026-04-15 14:14:24,714 - INFO - 📅 Твит #1: 2025-02-28 (год 2025)
2026-04-15 14:14:24,737 - INFO - 📅 Твит #2: 2025-03-01 (год 2025)
2026-04-15 14:14:24,751 - INFO - ✅ Есть хотя бы один твит 2025+ — продолжаем
2026-04-15 14:14:24,776 - INFO - 👥 Фолловеров: 36 (найдено: 36)
2026-04-15 14:14:29,899 - INFO - 🌍 Страна не найдена — удаляем строку
2026-04-15 14:14:34,925 - INFO - ✅ Сохранена отработанная строка: 0x63ca8fcaf843934ad07a2f8b9e5b182da8e9026c https:/...
2026-04-15 14:14:34,946 - INFO - 🗑 Удалена строка: 0x63ca8fcaf843934ad07a2f8b9e5b182da8e9026c https:/...
2026-04-15 14:14:34,957 - INFO - 🔄 Обработка профиля: https://x.com/negaraadi85
2026-04-15 14:14:46,722 - INFO - 🔍 Проверка даты последних 2 твитов...
2026-04-15 14:15:04,738 - ERROR - ❌ Ошибка при проверке дат твитов: Page.wait_for_selector: Timeout 18000ms exceeded.
Call log:
  - waiting for locator("article[data-testid=\"tweet\"]") to be visible

2026-04-15 14:15:04,752 - INFO - ⛔ Пропуск неактивного профиля (твиты до 2025): https://x.com/negaraadi85
2026-04-15 14:15:04,768 - INFO - ✅ Сохранена отработанная строка: 0xd98656735e2ba24aa705b41d026ea64069231e20 https:/...
2026-04-15 14:15:04,777 - INFO - 🗑 Удалена строка: 0xd98656735e2ba24aa705b41d026ea64069231e20 https:/...
2026-04-15 14:15:04,795 - INFO - 🔄 Обработка профиля: https://x.com/BelligeRich
2026-04-15 14:15:16,051 - INFO - 🔍 Проверка даты последних 2 твитов...
2026-04-15 14:15:16,100 - INFO - 📅 Твит #1: 2023-12-18 (год 2023)
2026-04-15 14:15:16,123 - INFO - 📅 Твит #2: 2026-02-04 (год 2026)
2026-04-15 14:15:16,136 - INFO - ✅ Есть хотя бы один твит 2025+ — продолжаем
2026-04-15 14:15:16,161 - INFO - 👥 Фолловеров: 489 (найдено: 489)
2026-04-15 14:15:21,279 - INFO - 🌍 Страна: United States
2026-04-15 14:15:21,293 - INFO - ✅ Страна United States — OK
2026-04-15 14:15:28,501 - INFO - ✅ Follow выполнен для https://x.com/BelligeRich
2026-04-15 14:15:32,515 - INFO - ❤️ Будем ставить 0 случайных лайка(ов) на профиле https://x.com/BelligeRich
2026-04-15 14:15:32,548 - INFO - ✅ Сохранена отработанная строка: 0x2098e44a621d0f874f28823c1e1a3497632f0a6f https:/...
2026-04-15 14:15:32,565 - INFO - 🗑 Удалена строка: 0x2098e44a621d0f874f28823c1e1a3497632f0a6f https:/...
2026-04-15 14:15:32,584 - INFO - ⏳ Случайная задержка: 5 минут (мин 3)
2026-04-15 14:20:32,597 - INFO - 🔄 Обработка профиля: https://x.com/ankurshukla1991
2026-04-15 14:20:48,599 - INFO - 🔍 Проверка даты последних 2 твитов...
2026-04-15 14:20:48,683 - INFO - 📅 Твит #1: 2026-03-22 (год 2026)
2026-04-15 14:20:48,710 - INFO - 📅 Твит #2: 2026-03-22 (год 2026)
2026-04-15 14:20:48,726 - INFO - ✅ Есть хотя бы один твит 2025+ — продолжаем
2026-04-15 14:20:48,749 - INFO - 👥 Фолловеров: 92 (найдено: 92)
2026-04-15 14:20:53,902 - INFO - 🌍 Страна: India
2026-04-15 14:20:53,919 - INFO - ✅ Страна India — OK
2026-04-15 14:21:01,144 - INFO - ✅ Follow выполнен для https://x.com/ankurshukla1991
2026-04-15 14:21:05,158 - INFO - ❤️ Будем ставить 1 случайных лайка(ов) на профиле https://x.com/ankurshukla1991
2026-04-15 14:21:07,555 - INFO - ✅ Поставлен лайк #1/1 на профиле https://x.com/ankurshukla1991
2026-04-15 14:21:07,574 - INFO - ✅ Сохранена отработанная строка: 0xc95fec30bf74b90c88ea92a49f7fc46960983b62 https:/...
2026-04-15 14:21:07,590 - INFO - 🗑 Удалена строка: 0xc95fec30bf74b90c88ea92a49f7fc46960983b62 https:/...
2026-04-15 14:21:07,604 - INFO - ⏳ Случайная задержка: 3 минут (мин 3)
2026-04-15 14:24:07,620 - INFO - 🔄 Обработка профиля: https://x.com/NotionalFinance
2026-04-15 14:24:20,864 - INFO - 🔍 Проверка даты последних 2 твитов...
2026-04-15 14:24:20,922 - INFO - 📅 Твит #1: 2025-06-19 (год 2025)
2026-04-15 14:24:20,945 - INFO - 📅 Твит #2: 2026-04-08 (год 2026)
2026-04-15 14:24:20,959 - INFO - ✅ Есть хотя бы один твит 2025+ — продолжаем
2026-04-15 14:24:20,975 - INFO - 👥 Фолловеров: 16200 (найдено: 16.2K)
2026-04-15 14:24:20,989 - INFO - ⏭ Пропуск: слишком много фолловеров (16200 > 5000)
2026-04-15 14:24:21,003 - INFO - ✅ Сохранена отработанная строка: 0xb871b4dcea2ffd77d77f13d1bede09868546e23b https:/...
2026-04-15 14:24:21,016 - INFO - 🗑 Удалена строка: 0xb871b4dcea2ffd77d77f13d1bede09868546e23b https:/...
2026-04-15 14:24:21,029 - INFO - 🔄 Обработка профиля: https://x.com/nickolas1911
2026-04-15 14:24:34,458 - INFO - 🔍 Проверка даты последних 2 твитов...
2026-04-15 14:24:34,513 - INFO - 📅 Твит #1: 2024-09-03 (год 2024)
2026-04-15 14:24:34,538 - INFO - 📅 Твит #2: 2024-04-09 (год 2024)
2026-04-15 14:24:34,554 - INFO - ⛔ Последние 2 твита до 2025 года — удаляем строку
2026-04-15 14:24:34,563 - INFO - ⛔ Пропуск неактивного профиля (твиты до 2025): https://x.com/nickolas1911
2026-04-15 14:24:34,584 - INFO - ✅ Сохранена отработанная строка: 0xd29efd51af88ff272fe56a05c43f56d593158088 https:/...
2026-04-15 14:24:34,600 - INFO - 🗑 Удалена строка: 0xd29efd51af88ff272fe56a05c43f56d593158088 https:/...
2026-04-15 14:24:34,613 - INFO - 🔄 Обработка профиля: https://x.com/tanuki_eth
2026-04-15 14:24:47,713 - INFO - 🔍 Проверка даты последних 2 твитов...
2026-04-15 14:24:47,774 - INFO - 📅 Твит #1: 2026-04-01 (год 2026)
2026-04-15 14:24:47,795 - INFO - 📅 Твит #2: 2026-04-01 (год 2026)
2026-04-15 14:24:47,806 - INFO - ✅ Есть хотя бы один твит 2025+ — продолжаем
2026-04-15 14:24:47,832 - INFO - 👥 Фолловеров: 172 (найдено: 172)
2026-04-15 14:24:52,952 - INFO - 🌍 Страна: Germany
2026-04-15 14:24:52,965 - INFO - ✅ Страна Germany — OK
2026-04-15 14:25:00,158 - INFO - ✅ Follow выполнен для https://x.com/tanuki_eth
2026-04-15 14:25:04,173 - INFO - ❤️ Будем ставить 0 случайных лайка(ов) на профиле https://x.com/tanuki_eth
2026-04-15 14:25:04,201 - INFO - ✅ Сохранена отработанная строка: 0xc79c4d42ede2961f95a2157fbddd9d9221ce735e https:/...
2026-04-15 14:25:04,218 - INFO - 🗑 Удалена строка: 0xc79c4d42ede2961f95a2157fbddd9d9221ce735e https:/...
2026-04-15 14:25:04,231 - INFO - ⏳ Случайная задержка: 5 минут (мин 3)
2026-04-15 14:30:04,243 - INFO - 🔄 Обработка профиля: https://x.com/RyCWMkBYXfnVjLk
2026-04-15 14:30:18,017 - INFO - 🔍 Проверка даты последних 2 твитов...
2026-04-15 14:30:18,076 - INFO - 📅 Твит #1: 2026-01-05 (год 2026)
2026-04-15 14:30:18,101 - INFO - 📅 Твит #2: 2026-01-05 (год 2026)
2026-04-15 14:30:18,117 - INFO - ✅ Есть хотя бы один твит 2025+ — продолжаем
2026-04-15 14:30:18,139 - INFO - 👥 Фолловеров: 317 (найдено: 317)
2026-04-15 14:30:23,288 - INFO - 🌍 Страна: Europe
2026-04-15 14:30:23,297 - INFO - ✅ Страна Europe — OK
2026-04-15 14:30:30,573 - INFO - ✅ Follow выполнен для https://x.com/RyCWMkBYXfnVjLk
2026-04-15 14:30:34,582 - INFO - ❤️ Будем ставить 1 случайных лайка(ов) на профиле https://x.com/RyCWMkBYXfnVjLk
2026-04-15 14:30:37,169 - INFO - ✅ Поставлен лайк #1/1 на профиле https://x.com/RyCWMkBYXfnVjLk
2026-04-15 14:30:37,177 - INFO - ✅ Сохранена отработанная строка: 0xb3519518d2d6da084b9bf1928965af495cb0b4f7 https:/...
2026-04-15 14:30:37,195 - INFO - 🗑 Удалена строка: 0xb3519518d2d6da084b9bf1928965af495cb0b4f7 https:/...
2026-04-15 14:30:37,211 - INFO - ⏳ Случайная задержка: 4 минут (мин 3)
2026-04-15 14:34:37,224 - INFO - 🔄 Обработка профиля: https://x.com/SuperAmbient
2026-04-15 14:34:51,549 - INFO - 🔍 Проверка даты последних 2 твитов...
2026-04-15 14:34:51,612 - INFO - 📅 Твит #1: 2024-04-05 (год 2024)
2026-04-15 14:34:51,635 - INFO - 📅 Твит #2: 2024-02-27 (год 2024)
2026-04-15 14:34:51,649 - INFO - ⛔ Последние 2 твита до 2025 года — удаляем строку
2026-04-15 14:34:51,666 - INFO - ⛔ Пропуск неактивного профиля (твиты до 2025): https://x.com/SuperAmbient
2026-04-15 14:34:51,682 - INFO - ✅ Сохранена отработанная строка: 0xea55f5f268908db42b6eef9aab49a38f4dad9c90 https:/...
2026-04-15 14:34:51,697 - INFO - 🗑 Удалена строка: 0xea55f5f268908db42b6eef9aab49a38f4dad9c90 https:/...
2026-04-15 14:34:51,713 - INFO - 🔄 Обработка профиля: https://x.com/VdvVadim
2026-04-15 14:35:04,863 - INFO - 🔍 Проверка даты последних 2 твитов...
2026-04-15 14:35:04,919 - INFO - 📅 Твит #1: 2026-04-14 (год 2026)
2026-04-15 14:35:04,943 - INFO - 📅 Твит #2: 2026-04-15 (год 2026)
2026-04-15 14:35:04,958 - INFO - ✅ Есть хотя бы один твит 2025+ — продолжаем
2026-04-15 14:35:04,985 - INFO - 👥 Фолловеров: 158 (найдено: 158)
2026-04-15 14:35:10,130 - INFO - 🌍 Страна: Austria
2026-04-15 14:35:10,146 - INFO - ✅ Страна Austria — OK
2026-04-15 14:35:17,355 - INFO - ✅ Follow выполнен для https://x.com/VdvVadim
2026-04-15 14:35:21,370 - INFO - ❤️ Будем ставить 0 случайных лайка(ов) на профиле https://x.com/VdvVadim
2026-04-15 14:35:21,393 - INFO - ✅ Сохранена отработанная строка: 0xaf8324ab53229651e4c8dea252a554aaca6f9577 https:/...
2026-04-15 14:35:21,405 - INFO - 🗑 Удалена строка: 0xaf8324ab53229651e4c8dea252a554aaca6f9577 https:/...
2026-04-15 14:35:21,408 - INFO - ⏳ Случайная задержка: 4 минут (мин 3)
2026-04-15 14:39:21,420 - INFO - 🔄 Обработка профиля: https://x.com/dak6688
2026-04-15 14:39:35,110 - INFO - 🔍 Проверка даты последних 2 твитов...
2026-04-15 14:39:35,218 - INFO - 📅 Твит #1: 2024-12-18 (год 2024)
2026-04-15 14:39:36,269 - ERROR - ❌ Ошибка при проверке дат твитов: Locator.get_attribute: Error: strict mode violation: locator("article[data-testid=\"tweet\"]").nth(1).locator("time") resolved to 2 elements:
    1) <time datetime="2026-04-14T08:38:07.000Z">Apr 14</time> aka get_by_role("link", name="Apr 14")
    2) <time datetime="2026-04-13T16:15:41.000Z">Apr 13</time> aka get_by_role("link", name="大K Verified account @dak6688")

Call log:
  - waiting for locator("article[data-testid=\"tweet\"]").nth(1).locator("time")

2026-04-15 14:39:36,285 - INFO - ⛔ Пропуск неактивного профиля (твиты до 2025): https://x.com/dak6688
2026-04-15 14:39:36,295 - INFO - ✅ Сохранена отработанная строка: 0x56361c0e9545ffd2284f4107fc1146fc25977403 https:/...
2026-04-15 14:39:36,304 - INFO - 🗑 Удалена строка: 0x56361c0e9545ffd2284f4107fc1146fc25977403 https:/...
2026-04-15 14:39:36,317 - INFO - 🔄 Обработка профиля: https://x.com/mohdnaouf
2026-04-15 14:39:49,201 - INFO - 🔍 Проверка даты последних 2 твитов...
2026-04-15 14:39:49,245 - INFO - 📅 Твит #1: 2024-12-05 (год 2024)
2026-04-15 14:39:50,507 - ERROR - ❌ Ошибка при проверке дат твитов: Locator.get_attribute: Error: strict mode violation: locator("article[data-testid=\"tweet\"]").nth(1).locator("time") resolved to 2 elements:
    1) <time datetime="2025-01-27T01:53:58.000Z">Jan 26, 2025</time> aka get_by_role("link", name="Jan 26, 2025", exact=True)
    2) <time datetime="2025-01-26T19:57:29.000Z">Jan 26, 2025</time> aka get_by_role("link", name="Autism Capital 🧩 Verified")

Call log:
  - waiting for locator("article[data-testid=\"tweet\"]").nth(1).locator("time")

2026-04-15 14:39:50,536 - INFO - ⛔ Пропуск неактивного профиля (твиты до 2025): https://x.com/mohdnaouf
2026-04-15 14:39:50,548 - INFO - ✅ Сохранена отработанная строка: 0x5744287a56d2e9a986a3e52f1a9e8b283658dc92 https:/...
2026-04-15 14:39:50,564 - INFO - 🗑 Удалена строка: 0x5744287a56d2e9a986a3e52f1a9e8b283658dc92 https:/...
2026-04-15 14:39:50,578 - INFO - 🔄 Обработка профиля: https://x.com/Alexey03801209
2026-04-15 14:40:03,867 - INFO - 🔍 Проверка даты последних 2 твитов...
2026-04-15 14:40:03,923 - INFO - 📅 Твит #1: 2025-10-18 (год 2025)
2026-04-15 14:40:03,946 - INFO - 📅 Твит #2: 2024-12-04 (год 2024)
2026-04-15 14:40:03,960 - INFO - ✅ Есть хотя бы один твит 2025+ — продолжаем
2026-04-15 14:40:03,984 - INFO - 👥 Фолловеров: 12 (найдено: 12)
2026-04-15 14:40:09,125 - INFO - 🌍 Страна: Germany
2026-04-15 14:40:09,140 - INFO - ✅ Страна Germany — OK
2026-04-15 14:40:16,402 - INFO - ✅ Follow выполнен для https://x.com/Alexey03801209
2026-04-15 14:40:20,420 - INFO - ❤️ Будем ставить 1 случайных лайка(ов) на профиле https://x.com/Alexey03801209
2026-04-15 14:40:24,053 - INFO - ✅ Поставлен лайк #1/1 на профиле https://x.com/Alexey03801209
2026-04-15 14:40:24,062 - INFO - 😴 Отдых 132 минут после 33 follow
2026-04-15 15:42:38,627 - INFO - ⏹ Процесс остановлен пользователем
2026-04-17 15:50:22,021 - INFO - 🚀 Запуск приложения AutoFollow X
2026-04-17 15:50:23,132 - INFO - 📂 Загрузка конфигурации
2026-04-17 15:50:23,133 - INFO - ✅ Конфигурация загружена: прокси=http://8jBYEwxR:jn4hjipU@172.121.52.216:64538, cookies_path=C:/Users/Administrator/Desktop/twittersoftbycode/cookies.txt
2026-04-17 15:50:23,136 - INFO - 🤖 Telegram bot запущен
2026-04-17 15:50:38,149 - ERROR - Infinity polling exception: HTTPSConnectionPool(host='api.telegram.org', port=443): Max retries exceeded with url: /bot8785779877:***********************************/getMe (Caused by ConnectTimeoutError(<HTTPSConnection(host='api.telegram.org', port=443) at 0x20182098bf0>, 'Connection to api.telegram.org timed out. (connect timeout=15)'))
2026-04-17 15:50:38,151 - ERROR - Exception traceback:
Traceback (most recent call last):
  File "urllib3\connection.py", line 204, in _new_conn
  File "urllib3\util\connection.py", line 85, in create_connection
  File "urllib3\util\connection.py", line 73, in create_connection
TimeoutError: timed out

The above exception was the direct cause of the following exception:

Traceback (most recent call last):
  File "urllib3\connectionpool.py", line 787, in urlopen
  File "urllib3\connectionpool.py", line 488, in _make_request
  File "urllib3\connectionpool.py", line 464, in _make_request
  File "urllib3\connectionpool.py", line 1093, in _validate_conn
  File "urllib3\connection.py", line 759, in connect
  File "urllib3\connection.py", line 213, in _new_conn
urllib3.exceptions.ConnectTimeoutError: (<HTTPSConnection(host='api.telegram.org', port=443) at 0x20182098bf0>, 'Connection to api.telegram.org timed out. (connect timeout=15)')

The above exception was the direct cause of the following exception:

Traceback (most recent call last):
  File "requests\adapters.py", line 645, in send
  File "urllib3\connectionpool.py", line 841, in urlopen
  File "urllib3\util\retry.py", line 535, in increment
urllib3.exceptions.MaxRetryError: HTTPSConnectionPool(host='api.telegram.org', port=443): Max retries exceeded with url: /bot8785779877:***********************************/getMe (Caused by ConnectTimeoutError(<HTTPSConnection(host='api.telegram.org', port=443) at 0x20182098bf0>, 'Connection to api.telegram.org timed out. (connect timeout=15)'))

During handling of the above exception, another exception occurred:

Traceback (most recent call last):
  File "telebot\__init__.py", line 1110, in infinity_polling
  File "telebot\__init__.py", line 1195, in polling
  File "telebot\__init__.py", line 306, in user
  File "telebot\__init__.py", line 1382, in get_me
  File "telebot\apihelper.py", line 204, in get_me
  File "telebot\apihelper.py", line 162, in _make_request
  File "requests\sessions.py", line 592, in request
  File "requests\sessions.py", line 706, in send
  File "requests\adapters.py", line 666, in send
requests.exceptions.ConnectTimeout: HTTPSConnectionPool(host='api.telegram.org', port=443): Max retries exceeded with url: /bot8785779877:***********************************/getMe (Caused by ConnectTimeoutError(<HTTPSConnection(host='api.telegram.org', port=443) at 0x20182098bf0>, 'Connection to api.telegram.org timed out. (connect timeout=15)'))

2026-04-17 15:50:42,477 - INFO - 🔍 Проверка прокси
2026-04-17 15:50:46,313 - ERROR - ❌ Ошибка проверки прокси: BrowserType.launch: Executable doesn't exist at C:\Users\user\AppData\Local\ms-playwright\chromium_headless_shell-1208\chrome-headless-shell-win64\chrome-headless-shell.exe
╔════════════════════════════════════════════════════════════╗
║ Looks like Playwright was just installed or updated.       ║
║ Please run the following command to download new browsers: ║
║                                                            ║
║     playwright install                                     ║
║                                                            ║
║ <3 Playwright Team                                         ║
╚════════════════════════════════════════════════════════════╝
2026-04-17 15:50:56,161 - ERROR - Infinity polling exception: HTTPSConnectionPool(host='api.telegram.org', port=443): Max retries exceeded with url: /bot8785779877:***********************************/getMe (Caused by ConnectTimeoutError(<HTTPSConnection(host='api.telegram.org', port=443) at 0x201820c2240>, 'Connection to api.telegram.org timed out. (connect timeout=15)'))
2026-04-17 15:50:56,162 - ERROR - Exception traceback:
Traceback (most recent call last):
  File "urllib3\connection.py", line 204, in _new_conn
  File "urllib3\util\connection.py", line 85, in create_connection
  File "urllib3\util\connection.py", line 73, in create_connection
TimeoutError: timed out

The above exception was the direct cause of the following exception:

Traceback (most recent call last):
  File "urllib3\connectionpool.py", line 787, in urlopen
  File "urllib3\connectionpool.py", line 488, in _make_request
  File "urllib3\connectionpool.py", line 464, in _make_request
  File "urllib3\connectionpool.py", line 1093, in _validate_conn
  File "urllib3\connection.py", line 759, in connect
  File "urllib3\connection.py", line 213, in _new_conn
urllib3.exceptions.ConnectTimeoutError: (<HTTPSConnection(host='api.telegram.org', port=443) at 0x201820c2240>, 'Connection to api.telegram.org timed out. (connect timeout=15)')

The above exception was the direct cause of the following exception:

Traceback (most recent call last):
  File "requests\adapters.py", line 645, in send
  File "urllib3\connectionpool.py", line 841, in urlopen
  File "urllib3\util\retry.py", line 535, in increment
urllib3.exceptions.MaxRetryError: HTTPSConnectionPool(host='api.telegram.org', port=443): Max retries exceeded with url: /bot8785779877:***********************************/getMe (Caused by ConnectTimeoutError(<HTTPSConnection(host='api.telegram.org', port=443) at 0x201820c2240>, 'Connection to api.telegram.org timed out. (connect timeout=15)'))

During handling of the above exception, another exception occurred:

Traceback (most recent call last):
  File "telebot\__init__.py", line 1110, in infinity_polling
  File "telebot\__init__.py", line 1195, in polling
  File "telebot\__init__.py", line 306, in user
  File "telebot\__init__.py", line 1382, in get_me
  File "telebot\apihelper.py", line 204, in get_me
  File "telebot\apihelper.py", line 162, in _make_request
  File "requests\sessions.py", line 592, in request
  File "requests\sessions.py", line 706, in send
  File "requests\adapters.py", line 666, in send
requests.exceptions.ConnectTimeout: HTTPSConnectionPool(host='api.telegram.org', port=443): Max retries exceeded with url: /bot8785779877:***********************************/getMe (Caused by ConnectTimeoutError(<HTTPSConnection(host='api.telegram.org', port=443) at 0x201820c2240>, 'Connection to api.telegram.org timed out. (connect timeout=15)'))

2026-04-17 15:51:14,170 - ERROR - Infinity polling exception: HTTPSConnectionPool(host='api.telegram.org', port=443): Max retries exceeded with url: /bot8785779877:***********************************/getMe (Caused by ConnectTimeoutError(<HTTPSConnection(host='api.telegram.org', port=443) at 0x201820d8650>, 'Connection to api.telegram.org timed out. (connect timeout=15)'))
2026-04-17 15:51:14,171 - ERROR - Exception traceback:
Traceback (most recent call last):
  File "urllib3\connection.py", line 204, in _new_conn
  File "urllib3\util\connection.py", line 85, in create_connection
  File "urllib3\util\connection.py", line 73, in create_connection
TimeoutError: timed out

The above exception was the direct cause of the following exception:

Traceback (most recent call last):
  File "urllib3\connectionpool.py", line 787, in urlopen
  File "urllib3\connectionpool.py", line 488, in _make_request
  File "urllib3\connectionpool.py", line 464, in _make_request
  File "urllib3\connectionpool.py", line 1093, in _validate_conn
  File "urllib3\connection.py", line 759, in connect
  File "urllib3\connection.py", line 213, in _new_conn
urllib3.exceptions.ConnectTimeoutError: (<HTTPSConnection(host='api.telegram.org', port=443) at 0x201820d8650>, 'Connection to api.telegram.org timed out. (connect timeout=15)')

The above exception was the direct cause of the following exception:

Traceback (most recent call last):
  File "requests\adapters.py", line 645, in send
  File "urllib3\connectionpool.py", line 841, in urlopen
  File "urllib3\util\retry.py", line 535, in increment
urllib3.exceptions.MaxRetryError: HTTPSConnectionPool(host='api.telegram.org', port=443): Max retries exceeded with url: /bot8785779877:***********************************/getMe (Caused by ConnectTimeoutError(<HTTPSConnection(host='api.telegram.org', port=443) at 0x201820d8650>, 'Connection to api.telegram.org timed out. (connect timeout=15)'))

During handling of the above exception, another exception occurred:

Traceback (most recent call last):
  File "telebot\__init__.py", line 1110, in infinity_polling
  File "telebot\__init__.py", line 1195, in polling
  File "telebot\__init__.py", line 306, in user
  File "telebot\__init__.py", line 1382, in get_me
  File "telebot\apihelper.py", line 204, in get_me
  File "telebot\apihelper.py", line 162, in _make_request
  File "requests\sessions.py", line 592, in request
  File "requests\sessions.py", line 706, in send
  File "requests\adapters.py", line 666, in send
requests.exceptions.ConnectTimeout: HTTPSConnectionPool(host='api.telegram.org', port=443): Max retries exceeded with url: /bot8785779877:***********************************/getMe (Caused by ConnectTimeoutError(<HTTPSConnection(host='api.telegram.org', port=443) at 0x201820d8650>, 'Connection to api.telegram.org timed out. (connect timeout=15)'))

2026-04-17 15:51:32,182 - ERROR - Infinity polling exception: HTTPSConnectionPool(host='api.telegram.org', port=443): Max retries exceeded with url: /bot8785779877:***********************************/getMe (Caused by ConnectTimeoutError(<HTTPSConnection(host='api.telegram.org', port=443) at 0x201820c23c0>, 'Connection to api.telegram.org timed out. (connect timeout=15)'))
2026-04-17 15:51:32,185 - ERROR - Exception traceback:
Traceback (most recent call last):
  File "urllib3\connection.py", line 204, in _new_conn
  File "urllib3\util\connection.py", line 85, in create_connection
  File "urllib3\util\connection.py", line 73, in create_connection
TimeoutError: timed out

The above exception was the direct cause of the following exception:

Traceback (most recent call last):
  File "urllib3\connectionpool.py", line 787, in urlopen
  File "urllib3\connectionpool.py", line 488, in _make_request
  File "urllib3\connectionpool.py", line 464, in _make_request
  File "urllib3\connectionpool.py", line 1093, in _validate_conn
  File "urllib3\connection.py", line 759, in connect
  File "urllib3\connection.py", line 213, in _new_conn
urllib3.exceptions.ConnectTimeoutError: (<HTTPSConnection(host='api.telegram.org', port=443) at 0x201820c23c0>, 'Connection to api.telegram.org timed out. (connect timeout=15)')

The above exception was the direct cause of the following exception:

Traceback (most recent call last):
  File "requests\adapters.py", line 645, in send
  File "urllib3\connectionpool.py", line 841, in urlopen
  File "urllib3\util\retry.py", line 535, in increment
urllib3.exceptions.MaxRetryError: HTTPSConnectionPool(host='api.telegram.org', port=443): Max retries exceeded with url: /bot8785779877:***********************************/getMe (Caused by ConnectTimeoutError(<HTTPSConnection(host='api.telegram.org', port=443) at 0x201820c23c0>, 'Connection to api.telegram.org timed out. (connect timeout=15)'))

During handling of the above exception, another exception occurred:

Traceback (most recent call last):
  File "telebot\__init__.py", line 1110, in infinity_polling
  File "telebot\__init__.py", line 1195, in polling
  File "telebot\__init__.py", line 306, in user
  File "telebot\__init__.py", line 1382, in get_me
  File "telebot\apihelper.py", line 204, in get_me
  File "telebot\apihelper.py", line 162, in _make_request
  File "requests\sessions.py", line 592, in request
  File "requests\sessions.py", line 706, in send
  File "requests\adapters.py", line 666, in send
requests.exceptions.ConnectTimeout: HTTPSConnectionPool(host='api.telegram.org', port=443): Max retries exceeded with url: /bot8785779877:***********************************/getMe (Caused by ConnectTimeoutError(<HTTPSConnection(host='api.telegram.org', port=443) at 0x201820c23c0>, 'Connection to api.telegram.org timed out. (connect timeout=15)'))

2026-04-17 15:51:50,190 - ERROR - Infinity polling exception: HTTPSConnectionPool(host='api.telegram.org', port=443): Max retries exceeded with url: /bot8785779877:***********************************/getMe (Caused by ConnectTimeoutError(<HTTPSConnection(host='api.telegram.org', port=443) at 0x201820c2210>, 'Connection to api.telegram.org timed out. (connect timeout=15)'))
2026-04-17 15:51:50,192 - ERROR - Exception traceback:
Traceback (most recent call last):
  File "urllib3\connection.py", line 204, in _new_conn
  File "urllib3\util\connection.py", line 85, in create_connection
  File "urllib3\util\connection.py", line 73, in create_connection
TimeoutError: timed out

The above exception was the direct cause of the following exception:

Traceback (most recent call last):
  File "urllib3\connectionpool.py", line 787, in urlopen
  File "urllib3\connectionpool.py", line 488, in _make_request
  File "urllib3\connectionpool.py", line 464, in _make_request
  File "urllib3\connectionpool.py", line 1093, in _validate_conn
  File "urllib3\connection.py", line 759, in connect
  File "urllib3\connection.py", line 213, in _new_conn
urllib3.exceptions.ConnectTimeoutError: (<HTTPSConnection(host='api.telegram.org', port=443) at 0x201820c2210>, 'Connection to api.telegram.org timed out. (connect timeout=15)')

The above exception was the direct cause of the following exception:

Traceback (most recent call last):
  File "requests\adapters.py", line 645, in send
  File "urllib3\connectionpool.py", line 841, in urlopen
  File "urllib3\util\retry.py", line 535, in increment
urllib3.exceptions.MaxRetryError: HTTPSConnectionPool(host='api.telegram.org', port=443): Max retries exceeded with url: /bot8785779877:***********************************/getMe (Caused by ConnectTimeoutError(<HTTPSConnection(host='api.telegram.org', port=443) at 0x201820c2210>, 'Connection to api.telegram.org timed out. (connect timeout=15)'))

During handling of the above exception, another exception occurred:

Traceback (most recent call last):
  File "telebot\__init__.py", line 1110, in infinity_polling
  File "telebot\__init__.py", line 1195, in polling
  File "telebot\__init__.py", line 306, in user
  File "telebot\__init__.py", line 1382, in get_me
  File "telebot\apihelper.py", line 204, in get_me
  File "telebot\apihelper.py", line 162, in _make_request
  File "requests\sessions.py", line 592, in request
  File "requests\sessions.py", line 706, in send
  File "requests\adapters.py", line 666, in send
requests.exceptions.ConnectTimeout: HTTPSConnectionPool(host='api.telegram.org', port=443): Max retries exceeded with url: /bot8785779877:***********************************/getMe (Caused by ConnectTimeoutError(<HTTPSConnection(host='api.telegram.org', port=443) at 0x201820c2210>, 'Connection to api.telegram.org timed out. (connect timeout=15)'))

2026-04-17 15:52:08,201 - ERROR - Infinity polling exception: HTTPSConnectionPool(host='api.telegram.org', port=443): Max retries exceeded with url: /bot8785779877:***********************************/getMe (Caused by ConnectTimeoutError(<HTTPSConnection(host='api.telegram.org', port=443) at 0x201820e8a40>, 'Connection to api.telegram.org timed out. (connect timeout=15)'))
2026-04-17 15:52:08,203 - ERROR - Exception traceback:
Traceback (most recent call last):
  File "urllib3\connection.py", line 204, in _new_conn
  File "urllib3\util\connection.py", line 85, in create_connection
  File "urllib3\util\connection.py", line 73, in create_connection
TimeoutError: timed out

The above exception was the direct cause of the following exception:

Traceback (most recent call last):
  File "urllib3\connectionpool.py", line 787, in urlopen
  File "urllib3\connectionpool.py", line 488, in _make_request
  File "urllib3\connectionpool.py", line 464, in _make_request
  File "urllib3\connectionpool.py", line 1093, in _validate_conn
  File "urllib3\connection.py", line 759, in connect
  File "urllib3\connection.py", line 213, in _new_conn
urllib3.exceptions.ConnectTimeoutError: (<HTTPSConnection(host='api.telegram.org', port=443) at 0x201820e8a40>, 'Connection to api.telegram.org timed out. (connect timeout=15)')

The above exception was the direct cause of the following exception:

Traceback (most recent call last):
  File "requests\adapters.py", line 645, in send
  File "urllib3\connectionpool.py", line 841, in urlopen
  File "urllib3\util\retry.py", line 535, in increment
urllib3.exceptions.MaxRetryError: HTTPSConnectionPool(host='api.telegram.org', port=443): Max retries exceeded with url: /bot8785779877:***********************************/getMe (Caused by ConnectTimeoutError(<HTTPSConnection(host='api.telegram.org', port=443) at 0x201820e8a40>, 'Connection to api.telegram.org timed out. (connect timeout=15)'))

During handling of the above exception, another exception occurred:

Traceback (most recent call last):
  File "telebot\__init__.py", line 1110, in infinity_polling
  File "telebot\__init__.py", line 1195, in polling
  File "telebot\__init__.py", line 306, in user
  File "telebot\__init__.py", line 1382, in get_me
  File "telebot\apihelper.py", line 204, in get_me
  File "telebot\apihelper.py", line 162, in _make_request
  File "requests\sessions.py", line 592, in request
  File "requests\sessions.py", line 706, in send
  File "requests\adapters.py", line 666, in send
requests.exceptions.ConnectTimeout: HTTPSConnectionPool(host='api.telegram.org', port=443): Max retries exceeded with url: /bot8785779877:***********************************/getMe (Caused by ConnectTimeoutError(<HTTPSConnection(host='api.telegram.org', port=443) at 0x201820e8a40>, 'Connection to api.telegram.org timed out. (connect timeout=15)'))

2026-04-17 15:52:26,219 - ERROR - Infinity polling exception: HTTPSConnectionPool(host='api.telegram.org', port=443): Max retries exceeded with url: /bot8785779877:***********************************/getMe (Caused by ConnectTimeoutError(<HTTPSConnection(host='api.telegram.org', port=443) at 0x201820c1e20>, 'Connection to api.telegram.org timed out. (connect timeout=15)'))
2026-04-17 15:52:26,220 - ERROR - Exception traceback:
Traceback (most recent call last):
  File "urllib3\connection.py", line 204, in _new_conn
  File "urllib3\util\connection.py", line 85, in create_connection
  File "urllib3\util\connection.py", line 73, in create_connection
TimeoutError: timed out

The above exception was the direct cause of the following exception:

Traceback (most recent call last):
  File "urllib3\connectionpool.py", line 787, in urlopen
  File "urllib3\connectionpool.py", line 488, in _make_request
  File "urllib3\connectionpool.py", line 464, in _make_request
  File "urllib3\connectionpool.py", line 1093, in _validate_conn
  File "urllib3\connection.py", line 759, in connect
  File "urllib3\connection.py", line 213, in _new_conn
urllib3.exceptions.ConnectTimeoutError: (<HTTPSConnection(host='api.telegram.org', port=443) at 0x201820c1e20>, 'Connection to api.telegram.org timed out. (connect timeout=15)')

The above exception was the direct cause of the following exception:

Traceback (most recent call last):
  File "requests\adapters.py", line 645, in send
  File "urllib3\connectionpool.py", line 841, in urlopen
  File "urllib3\util\retry.py", line 535, in increment
urllib3.exceptions.MaxRetryError: HTTPSConnectionPool(host='api.telegram.org', port=443): Max retries exceeded with url: /bot8785779877:***********************************/getMe (Caused by ConnectTimeoutError(<HTTPSConnection(host='api.telegram.org', port=443) at 0x201820c1e20>, 'Connection to api.telegram.org timed out. (connect timeout=15)'))

During handling of the above exception, another exception occurred:

Traceback (most recent call last):
  File "telebot\__init__.py", line 1110, in infinity_polling
  File "telebot\__init__.py", line 1195, in polling
  File "telebot\__init__.py", line 306, in user
  File "telebot\__init__.py", line 1382, in get_me
  File "telebot\apihelper.py", line 204, in get_me
  File "telebot\apihelper.py", line 162, in _make_request
  File "requests\sessions.py", line 592, in request
  File "requests\sessions.py", line 706, in send
  File "requests\adapters.py", line 666, in send
requests.exceptions.ConnectTimeout: HTTPSConnectionPool(host='api.telegram.org', port=443): Max retries exceeded with url: /bot8785779877:***********************************/getMe (Caused by ConnectTimeoutError(<HTTPSConnection(host='api.telegram.org', port=443) at 0x201820c1e20>, 'Connection to api.telegram.org timed out. (connect timeout=15)'))

2026-04-17 15:52:44,229 - ERROR - Infinity polling exception: HTTPSConnectionPool(host='api.telegram.org', port=443): Max retries exceeded with url: /bot8785779877:***********************************/getMe (Caused by ConnectTimeoutError(<HTTPSConnection(host='api.telegram.org', port=443) at 0x20180efb7a0>, 'Connection to api.telegram.org timed out. (connect timeout=15)'))
2026-04-17 15:52:44,230 - ERROR - Exception traceback:
Traceback (most recent call last):
  File "urllib3\connection.py", line 204, in _new_conn
  File "urllib3\util\connection.py", line 85, in create_connection
  File "urllib3\util\connection.py", line 73, in create_connection
TimeoutError: timed out

The above exception was the direct cause of the following exception:

Traceback (most recent call last):
  File "urllib3\connectionpool.py", line 787, in urlopen
  File "urllib3\connectionpool.py", line 488, in _make_request
  File "urllib3\connectionpool.py", line 464, in _make_request
  File "urllib3\connectionpool.py", line 1093, in _validate_conn
  File "urllib3\connection.py", line 759, in connect
  File "urllib3\connection.py", line 213, in _new_conn
urllib3.exceptions.ConnectTimeoutError: (<HTTPSConnection(host='api.telegram.org', port=443) at 0x20180efb7a0>, 'Connection to api.telegram.org timed out. (connect timeout=15)')

The above exception was the direct cause of the following exception:

Traceback (most recent call last):
  File "requests\adapters.py", line 645, in send
  File "urllib3\connectionpool.py", line 841, in urlopen
  File "urllib3\util\retry.py", line 535, in increment
urllib3.exceptions.MaxRetryError: HTTPSConnectionPool(host='api.telegram.org', port=443): Max retries exceeded with url: /bot8785779877:***********************************/getMe (Caused by ConnectTimeoutError(<HTTPSConnection(host='api.telegram.org', port=443) at 0x20180efb7a0>, 'Connection to api.telegram.org timed out. (connect timeout=15)'))

During handling of the above exception, another exception occurred:

Traceback (most recent call last):
  File "telebot\__init__.py", line 1110, in infinity_polling
  File "telebot\__init__.py", line 1195, in polling
  File "telebot\__init__.py", line 306, in user
  File "telebot\__init__.py", line 1382, in get_me
  File "telebot\apihelper.py", line 204, in get_me
  File "telebot\apihelper.py", line 162, in _make_request
  File "requests\sessions.py", line 592, in request
  File "requests\sessions.py", line 706, in send
  File "requests\adapters.py", line 666, in send
requests.exceptions.ConnectTimeout: HTTPSConnectionPool(host='api.telegram.org', port=443): Max retries exceeded with url: /bot8785779877:***********************************/getMe (Caused by ConnectTimeoutError(<HTTPSConnection(host='api.telegram.org', port=443) at 0x20180efb7a0>, 'Connection to api.telegram.org timed out. (connect timeout=15)'))

2026-04-17 15:53:02,244 - ERROR - Infinity polling exception: HTTPSConnectionPool(host='api.telegram.org', port=443): Max retries exceeded with url: /bot8785779877:***********************************/getMe (Caused by ConnectTimeoutError(<HTTPSConnection(host='api.telegram.org', port=443) at 0x201820c2300>, 'Connection to api.telegram.org timed out. (connect timeout=15)'))
2026-04-17 15:53:02,246 - ERROR - Exception traceback:
Traceback (most recent call last):
  File "urllib3\connection.py", line 204, in _new_conn
  File "urllib3\util\connection.py", line 85, in create_connection
  File "urllib3\util\connection.py", line 73, in create_connection
TimeoutError: timed out

The above exception was the direct cause of the following exception:

Traceback (most recent call last):
  File "urllib3\connectionpool.py", line 787, in urlopen
  File "urllib3\connectionpool.py", line 488, in _make_request
  File "urllib3\connectionpool.py", line 464, in _make_request
  File "urllib3\connectionpool.py", line 1093, in _validate_conn
  File "urllib3\connection.py", line 759, in connect
  File "urllib3\connection.py", line 213, in _new_conn
urllib3.exceptions.ConnectTimeoutError: (<HTTPSConnection(host='api.telegram.org', port=443) at 0x201820c2300>, 'Connection to api.telegram.org timed out. (connect timeout=15)')

The above exception was the direct cause of the following exception:

Traceback (most recent call last):
  File "requests\adapters.py", line 645, in send
  File "urllib3\connectionpool.py", line 841, in urlopen
  File "urllib3\util\retry.py", line 535, in increment
urllib3.exceptions.MaxRetryError: HTTPSConnectionPool(host='api.telegram.org', port=443): Max retries exceeded with url: /bot8785779877:***********************************/getMe (Caused by ConnectTimeoutError(<HTTPSConnection(host='api.telegram.org', port=443) at 0x201820c2300>, 'Connection to api.telegram.org timed out. (connect timeout=15)'))

During handling of the above exception, another exception occurred:

Traceback (most recent call last):
  File "telebot\__init__.py", line 1110, in infinity_polling
  File "telebot\__init__.py", line 1195, in polling
  File "telebot\__init__.py", line 306, in user
  File "telebot\__init__.py", line 1382, in get_me
  File "telebot\apihelper.py", line 204, in get_me
  File "telebot\apihelper.py", line 162, in _make_request
  File "requests\sessions.py", line 592, in request
  File "requests\sessions.py", line 706, in send
  File "requests\adapters.py", line 666, in send
requests.exceptions.ConnectTimeout: HTTPSConnectionPool(host='api.telegram.org', port=443): Max retries exceeded with url: /bot8785779877:***********************************/getMe (Caused by ConnectTimeoutError(<HTTPSConnection(host='api.telegram.org', port=443) at 0x201820c2300>, 'Connection to api.telegram.org timed out. (connect timeout=15)'))

2026-04-17 15:53:20,254 - ERROR - Infinity polling exception: HTTPSConnectionPool(host='api.telegram.org', port=443): Max retries exceeded with url: /bot8785779877:***********************************/getMe (Caused by ConnectTimeoutError(<HTTPSConnection(host='api.telegram.org', port=443) at 0x201820e9820>, 'Connection to api.telegram.org timed out. (connect timeout=15)'))
2026-04-17 15:53:20,255 - ERROR - Exception traceback:
Traceback (most recent call last):
  File "urllib3\connection.py", line 204, in _new_conn
  File "urllib3\util\connection.py", line 85, in create_connection
  File "urllib3\util\connection.py", line 73, in create_connection
TimeoutError: timed out

The above exception was the direct cause of the following exception:

Traceback (most recent call last):
  File "urllib3\connectionpool.py", line 787, in urlopen
  File "urllib3\connectionpool.py", line 488, in _make_request
  File "urllib3\connectionpool.py", line 464, in _make_request
  File "urllib3\connectionpool.py", line 1093, in _validate_conn
  File "urllib3\connection.py", line 759, in connect
  File "urllib3\connection.py", line 213, in _new_conn
urllib3.exceptions.ConnectTimeoutError: (<HTTPSConnection(host='api.telegram.org', port=443) at 0x201820e9820>, 'Connection to api.telegram.org timed out. (connect timeout=15)')

The above exception was the direct cause of the following exception:

Traceback (most recent call last):
  File "requests\adapters.py", line 645, in send
  File "urllib3\connectionpool.py", line 841, in urlopen
  File "urllib3\util\retry.py", line 535, in increment
urllib3.exceptions.MaxRetryError: HTTPSConnectionPool(host='api.telegram.org', port=443): Max retries exceeded with url: /bot8785779877:***********************************/getMe (Caused by ConnectTimeoutError(<HTTPSConnection(host='api.telegram.org', port=443) at 0x201820e9820>, 'Connection to api.telegram.org timed out. (connect timeout=15)'))

During handling of the above exception, another exception occurred:

Traceback (most recent call last):
  File "telebot\__init__.py", line 1110, in infinity_polling
  File "telebot\__init__.py", line 1195, in polling
  File "telebot\__init__.py", line 306, in user
  File "telebot\__init__.py", line 1382, in get_me
  File "telebot\apihelper.py", line 204, in get_me
  File "telebot\apihelper.py", line 162, in _make_request
  File "requests\sessions.py", line 592, in request
  File "requests\sessions.py", line 706, in send
  File "requests\adapters.py", line 666, in send
requests.exceptions.ConnectTimeout: HTTPSConnectionPool(host='api.telegram.org', port=443): Max retries exceeded with url: /bot8785779877:***********************************/getMe (Caused by ConnectTimeoutError(<HTTPSConnection(host='api.telegram.org', port=443) at 0x201820e9820>, 'Connection to api.telegram.org timed out. (connect timeout=15)'))

2026-04-17 15:53:38,270 - ERROR - Infinity polling exception: HTTPSConnectionPool(host='api.telegram.org', port=443): Max retries exceeded with url: /bot8785779877:***********************************/getMe (Caused by ConnectTimeoutError(<HTTPSConnection(host='api.telegram.org', port=443) at 0x201820ea750>, 'Connection to api.telegram.org timed out. (connect timeout=15)'))
2026-04-17 15:53:38,272 - ERROR - Exception traceback:
Traceback (most recent call last):
  File "urllib3\connection.py", line 204, in _new_conn
  File "urllib3\util\connection.py", line 85, in create_connection
  File "urllib3\util\connection.py", line 73, in create_connection
TimeoutError: timed out

The above exception was the direct cause of the following exception:

Traceback (most recent call last):
  File "urllib3\connectionpool.py", line 787, in urlopen
  File "urllib3\connectionpool.py", line 488, in _make_request
  File "urllib3\connectionpool.py", line 464, in _make_request
  File "urllib3\connectionpool.py", line 1093, in _validate_conn
  File "urllib3\connection.py", line 759, in connect
  File "urllib3\connection.py", line 213, in _new_conn
urllib3.exceptions.ConnectTimeoutError: (<HTTPSConnection(host='api.telegram.org', port=443) at 0x201820ea750>, 'Connection to api.telegram.org timed out. (connect timeout=15)')

The above exception was the direct cause of the following exception:

Traceback (most recent call last):
  File "requests\adapters.py", line 645, in send
  File "urllib3\connectionpool.py", line 841, in urlopen
  File "urllib3\util\retry.py", line 535, in increment
urllib3.exceptions.MaxRetryError: HTTPSConnectionPool(host='api.telegram.org', port=443): Max retries exceeded with url: /bot8785779877:***********************************/getMe (Caused by ConnectTimeoutError(<HTTPSConnection(host='api.telegram.org', port=443) at 0x201820ea750>, 'Connection to api.telegram.org timed out. (connect timeout=15)'))

During handling of the above exception, another exception occurred:

Traceback (most recent call last):
  File "telebot\__init__.py", line 1110, in infinity_polling
  File "telebot\__init__.py", line 1195, in polling
  File "telebot\__init__.py", line 306, in user
  File "telebot\__init__.py", line 1382, in get_me
  File "telebot\apihelper.py", line 204, in get_me
  File "telebot\apihelper.py", line 162, in _make_request
  File "requests\sessions.py", line 592, in request
  File "requests\sessions.py", line 706, in send
  File "requests\adapters.py", line 666, in send
requests.exceptions.ConnectTimeout: HTTPSConnectionPool(host='api.telegram.org', port=443): Max retries exceeded with url: /bot8785779877:***********************************/getMe (Caused by ConnectTimeoutError(<HTTPSConnection(host='api.telegram.org', port=443) at 0x201820ea750>, 'Connection to api.telegram.org timed out. (connect timeout=15)'))

2026-04-17 15:53:56,282 - ERROR - Infinity polling exception: HTTPSConnectionPool(host='api.telegram.org', port=443): Max retries exceeded with url: /bot8785779877:***********************************/getMe (Caused by ConnectTimeoutError(<HTTPSConnection(host='api.telegram.org', port=443) at 0x201820f1040>, 'Connection to api.telegram.org timed out. (connect timeout=15)'))
2026-04-17 15:53:56,283 - ERROR - Exception traceback:
Traceback (most recent call last):
  File "urllib3\connection.py", line 204, in _new_conn
  File "urllib3\util\connection.py", line 85, in create_connection
  File "urllib3\util\connection.py", line 73, in create_connection
TimeoutError: timed out

The above exception was the direct cause of the following exception:

Traceback (most recent call last):
  File "urllib3\connectionpool.py", line 787, in urlopen
  File "urllib3\connectionpool.py", line 488, in _make_request
  File "urllib3\connectionpool.py", line 464, in _make_request
  File "urllib3\connectionpool.py", line 1093, in _validate_conn
  File "urllib3\connection.py", line 759, in connect
  File "urllib3\connection.py", line 213, in _new_conn
urllib3.exceptions.ConnectTimeoutError: (<HTTPSConnection(host='api.telegram.org', port=443) at 0x201820f1040>, 'Connection to api.telegram.org timed out. (connect timeout=15)')

The above exception was the direct cause of the following exception:

Traceback (most recent call last):
  File "requests\adapters.py", line 645, in send
  File "urllib3\connectionpool.py", line 841, in urlopen
  File "urllib3\util\retry.py", line 535, in increment
urllib3.exceptions.MaxRetryError: HTTPSConnectionPool(host='api.telegram.org', port=443): Max retries exceeded with url: /bot8785779877:***********************************/getMe (Caused by ConnectTimeoutError(<HTTPSConnection(host='api.telegram.org', port=443) at 0x201820f1040>, 'Connection to api.telegram.org timed out. (connect timeout=15)'))

During handling of the above exception, another exception occurred:

Traceback (most recent call last):
  File "telebot\__init__.py", line 1110, in infinity_polling
  File "telebot\__init__.py", line 1195, in polling
  File "telebot\__init__.py", line 306, in user
  File "telebot\__init__.py", line 1382, in get_me
  File "telebot\apihelper.py", line 204, in get_me
  File "telebot\apihelper.py", line 162, in _make_request
  File "requests\sessions.py", line 592, in request
  File "requests\sessions.py", line 706, in send
  File "requests\adapters.py", line 666, in send
requests.exceptions.ConnectTimeout: HTTPSConnectionPool(host='api.telegram.org', port=443): Max retries exceeded with url: /bot8785779877:***********************************/getMe (Caused by ConnectTimeoutError(<HTTPSConnection(host='api.telegram.org', port=443) at 0x201820f1040>, 'Connection to api.telegram.org timed out. (connect timeout=15)'))

2026-04-17 15:54:14,300 - ERROR - Infinity polling exception: HTTPSConnectionPool(host='api.telegram.org', port=443): Max retries exceeded with url: /bot8785779877:***********************************/getMe (Caused by ConnectTimeoutError(<HTTPSConnection(host='api.telegram.org', port=443) at 0x201820ea7b0>, 'Connection to api.telegram.org timed out. (connect timeout=15)'))
2026-04-17 15:54:14,303 - ERROR - Exception traceback:
Traceback (most recent call last):
  File "urllib3\connection.py", line 204, in _new_conn
  File "urllib3\util\connection.py", line 85, in create_connection
  File "urllib3\util\connection.py", line 73, in create_connection
TimeoutError: timed out

The above exception was the direct cause of the following exception:

Traceback (most recent call last):
  File "urllib3\connectionpool.py", line 787, in urlopen
  File "urllib3\connectionpool.py", line 488, in _make_request
  File "urllib3\connectionpool.py", line 464, in _make_request
  File "urllib3\connectionpool.py", line 1093, in _validate_conn
  File "urllib3\connection.py", line 759, in connect
  File "urllib3\connection.py", line 213, in _new_conn
urllib3.exceptions.ConnectTimeoutError: (<HTTPSConnection(host='api.telegram.org', port=443) at 0x201820ea7b0>, 'Connection to api.telegram.org timed out. (connect timeout=15)')

The above exception was the direct cause of the following exception:

Traceback (most recent call last):
  File "requests\adapters.py", line 645, in send
  File "urllib3\connectionpool.py", line 841, in urlopen
  File "urllib3\util\retry.py", line 535, in increment
urllib3.exceptions.MaxRetryError: HTTPSConnectionPool(host='api.telegram.org', port=443): Max retries exceeded with url: /bot8785779877:***********************************/getMe (Caused by ConnectTimeoutError(<HTTPSConnection(host='api.telegram.org', port=443) at 0x201820ea7b0>, 'Connection to api.telegram.org timed out. (connect timeout=15)'))

During handling of the above exception, another exception occurred:

Traceback (most recent call last):
  File "telebot\__init__.py", line 1110, in infinity_polling
  File "telebot\__init__.py", line 1195, in polling
  File "telebot\__init__.py", line 306, in user
  File "telebot\__init__.py", line 1382, in get_me
  File "telebot\apihelper.py", line 204, in get_me
  File "telebot\apihelper.py", line 162, in _make_request
  File "requests\sessions.py", line 592, in request
  File "requests\sessions.py", line 706, in send
  File "requests\adapters.py", line 666, in send
requests.exceptions.ConnectTimeout: HTTPSConnectionPool(host='api.telegram.org', port=443): Max retries exceeded with url: /bot8785779877:***********************************/getMe (Caused by ConnectTimeoutError(<HTTPSConnection(host='api.telegram.org', port=443) at 0x201820ea7b0>, 'Connection to api.telegram.org timed out. (connect timeout=15)'))

2026-04-17 15:54:32,306 - ERROR - Infinity polling exception: HTTPSConnectionPool(host='api.telegram.org', port=443): Max retries exceeded with url: /bot8785779877:***********************************/getMe (Caused by ConnectTimeoutError(<HTTPSConnection(host='api.telegram.org', port=443) at 0x201820e9040>, 'Connection to api.telegram.org timed out. (connect timeout=15)'))
2026-04-17 15:54:32,309 - ERROR - Exception traceback:
Traceback (most recent call last):
  File "urllib3\connection.py", line 204, in _new_conn
  File "urllib3\util\connection.py", line 85, in create_connection
  File "urllib3\util\connection.py", line 73, in create_connection
TimeoutError: timed out

The above exception was the direct cause of the following exception:

Traceback (most recent call last):
  File "urllib3\connectionpool.py", line 787, in urlopen
  File "urllib3\connectionpool.py", line 488, in _make_request
  File "urllib3\connectionpool.py", line 464, in _make_request
  File "urllib3\connectionpool.py", line 1093, in _validate_conn
  File "urllib3\connection.py", line 759, in connect
  File "urllib3\connection.py", line 213, in _new_conn
urllib3.exceptions.ConnectTimeoutError: (<HTTPSConnection(host='api.telegram.org', port=443) at 0x201820e9040>, 'Connection to api.telegram.org timed out. (connect timeout=15)')

The above exception was the direct cause of the following exception:

Traceback (most recent call last):
  File "requests\adapters.py", line 645, in send
  File "urllib3\connectionpool.py", line 841, in urlopen
  File "urllib3\util\retry.py", line 535, in increment
urllib3.exceptions.MaxRetryError: HTTPSConnectionPool(host='api.telegram.org', port=443): Max retries exceeded with url: /bot8785779877:***********************************/getMe (Caused by ConnectTimeoutError(<HTTPSConnection(host='api.telegram.org', port=443) at 0x201820e9040>, 'Connection to api.telegram.org timed out. (connect timeout=15)'))

During handling of the above exception, another exception occurred:

Traceback (most recent call last):
  File "telebot\__init__.py", line 1110, in infinity_polling
  File "telebot\__init__.py", line 1195, in polling
  File "telebot\__init__.py", line 306, in user
  File "telebot\__init__.py", line 1382, in get_me
  File "telebot\apihelper.py", line 204, in get_me
  File "telebot\apihelper.py", line 162, in _make_request
  File "requests\sessions.py", line 592, in request
  File "requests\sessions.py", line 706, in send
  File "requests\adapters.py", line 666, in send
requests.exceptions.ConnectTimeout: HTTPSConnectionPool(host='api.telegram.org', port=443): Max retries exceeded with url: /bot8785779877:***********************************/getMe (Caused by ConnectTimeoutError(<HTTPSConnection(host='api.telegram.org', port=443) at 0x201820e9040>, 'Connection to api.telegram.org timed out. (connect timeout=15)'))

2026-04-17 15:54:50,324 - ERROR - Infinity polling exception: HTTPSConnectionPool(host='api.telegram.org', port=443): Max retries exceeded with url: /bot8785779877:***********************************/getMe (Caused by ConnectTimeoutError(<HTTPSConnection(host='api.telegram.org', port=443) at 0x201820d8410>, 'Connection to api.telegram.org timed out. (connect timeout=15)'))
2026-04-17 15:54:50,325 - ERROR - Exception traceback:
Traceback (most recent call last):
  File "urllib3\connection.py", line 204, in _new_conn
  File "urllib3\util\connection.py", line 85, in create_connection
  File "urllib3\util\connection.py", line 73, in create_connection
TimeoutError: timed out

The above exception was the direct cause of the following exception:

Traceback (most recent call last):
  File "urllib3\connectionpool.py", line 787, in urlopen
  File "urllib3\connectionpool.py", line 488, in _make_request
  File "urllib3\connectionpool.py", line 464, in _make_request
  File "urllib3\connectionpool.py", line 1093, in _validate_conn
  File "urllib3\connection.py", line 759, in connect
  File "urllib3\connection.py", line 213, in _new_conn
urllib3.exceptions.ConnectTimeoutError: (<HTTPSConnection(host='api.telegram.org', port=443) at 0x201820d8410>, 'Connection to api.telegram.org timed out. (connect timeout=15)')

The above exception was the direct cause of the following exception:

Traceback (most recent call last):
  File "requests\adapters.py", line 645, in send
  File "urllib3\connectionpool.py", line 841, in urlopen
  File "urllib3\util\retry.py", line 535, in increment
urllib3.exceptions.MaxRetryError: HTTPSConnectionPool(host='api.telegram.org', port=443): Max retries exceeded with url: /bot8785779877:***********************************/getMe (Caused by ConnectTimeoutError(<HTTPSConnection(host='api.telegram.org', port=443) at 0x201820d8410>, 'Connection to api.telegram.org timed out. (connect timeout=15)'))

During handling of the above exception, another exception occurred:

Traceback (most recent call last):
  File "telebot\__init__.py", line 1110, in infinity_polling
  File "telebot\__init__.py", line 1195, in polling
  File "telebot\__init__.py", line 306, in user
  File "telebot\__init__.py", line 1382, in get_me
  File "telebot\apihelper.py", line 204, in get_me
  File "telebot\apihelper.py", line 162, in _make_request
  File "requests\sessions.py", line 592, in request
  File "requests\sessions.py", line 706, in send
  File "requests\adapters.py", line 666, in send
requests.exceptions.ConnectTimeout: HTTPSConnectionPool(host='api.telegram.org', port=443): Max retries exceeded with url: /bot8785779877:***********************************/getMe (Caused by ConnectTimeoutError(<HTTPSConnection(host='api.telegram.org', port=443) at 0x201820d8410>, 'Connection to api.telegram.org timed out. (connect timeout=15)'))

2026-04-17 15:55:08,331 - ERROR - Infinity polling exception: HTTPSConnectionPool(host='api.telegram.org', port=443): Max retries exceeded with url: /bot8785779877:***********************************/getMe (Caused by ConnectTimeoutError(<HTTPSConnection(host='api.telegram.org', port=443) at 0x201820f12b0>, 'Connection to api.telegram.org timed out. (connect timeout=15)'))
2026-04-17 15:55:08,333 - ERROR - Exception traceback:
Traceback (most recent call last):
  File "urllib3\connection.py", line 204, in _new_conn
  File "urllib3\util\connection.py", line 85, in create_connection
  File "urllib3\util\connection.py", line 73, in create_connection
TimeoutError: timed out

The above exception was the direct cause of the following exception:

Traceback (most recent call last):
  File "urllib3\connectionpool.py", line 787, in urlopen
  File "urllib3\connectionpool.py", line 488, in _make_request
  File "urllib3\connectionpool.py", line 464, in _make_request
  File "urllib3\connectionpool.py", line 1093, in _validate_conn
  File "urllib3\connection.py", line 759, in connect
  File "urllib3\connection.py", line 213, in _new_conn
urllib3.exceptions.ConnectTimeoutError: (<HTTPSConnection(host='api.telegram.org', port=443) at 0x201820f12b0>, 'Connection to api.telegram.org timed out. (connect timeout=15)')

The above exception was the direct cause of the following exception:

Traceback (most recent call last):
  File "requests\adapters.py", line 645, in send
  File "urllib3\connectionpool.py", line 841, in urlopen
  File "urllib3\util\retry.py", line 535, in increment
urllib3.exceptions.MaxRetryError: HTTPSConnectionPool(host='api.telegram.org', port=443): Max retries exceeded with url: /bot8785779877:***********************************/getMe (Caused by ConnectTimeoutError(<HTTPSConnection(host='api.telegram.org', port=443) at 0x201820f12b0>, 'Connection to api.telegram.org timed out. (connect timeout=15)'))

During handling of the above exception, another exception occurred:

Traceback (most recent call last):
  File "telebot\__init__.py", line 1110, in infinity_polling
  File "telebot\__init__.py", line 1195, in polling
  File "telebot\__init__.py", line 306, in user
  File "telebot\__init__.py", line 1382, in get_me
  File "telebot\apihelper.py", line 204, in get_me
  File "telebot\apihelper.py", line 162, in _make_request
  File "requests\sessions.py", line 592, in request
  File "requests\sessions.py", line 706, in send
  File "requests\adapters.py", line 666, in send
requests.exceptions.ConnectTimeout: HTTPSConnectionPool(host='api.telegram.org', port=443): Max retries exceeded with url: /bot8785779877:***********************************/getMe (Caused by ConnectTimeoutError(<HTTPSConnection(host='api.telegram.org', port=443) at 0x201820f12b0>, 'Connection to api.telegram.org timed out. (connect timeout=15)'))

2026-04-17 15:55:26,345 - ERROR - Infinity polling exception: HTTPSConnectionPool(host='api.telegram.org', port=443): Max retries exceeded with url: /bot8785779877:***********************************/getMe (Caused by ConnectTimeoutError(<HTTPSConnection(host='api.telegram.org', port=443) at 0x201820f1640>, 'Connection to api.telegram.org timed out. (connect timeout=15)'))
2026-04-17 15:55:26,346 - ERROR - Exception traceback:
Traceback (most recent call last):
  File "urllib3\connection.py", line 204, in _new_conn
  File "urllib3\util\connection.py", line 85, in create_connection
  File "urllib3\util\connection.py", line 73, in create_connection
TimeoutError: timed out

The above exception was the direct cause of the following exception:

Traceback (most recent call last):
  File "urllib3\connectionpool.py", line 787, in urlopen
  File "urllib3\connectionpool.py", line 488, in _make_request
  File "urllib3\connectionpool.py", line 464, in _make_request
  File "urllib3\connectionpool.py", line 1093, in _validate_conn
  File "urllib3\connection.py", line 759, in connect
  File "urllib3\connection.py", line 213, in _new_conn
urllib3.exceptions.ConnectTimeoutError: (<HTTPSConnection(host='api.telegram.org', port=443) at 0x201820f1640>, 'Connection to api.telegram.org timed out. (connect timeout=15)')

The above exception was the direct cause of the following exception:

Traceback (most recent call last):
  File "requests\adapters.py", line 645, in send
  File "urllib3\connectionpool.py", line 841, in urlopen
  File "urllib3\util\retry.py", line 535, in increment
urllib3.exceptions.MaxRetryError: HTTPSConnectionPool(host='api.telegram.org', port=443): Max retries exceeded with url: /bot8785779877:***********************************/getMe (Caused by ConnectTimeoutError(<HTTPSConnection(host='api.telegram.org', port=443) at 0x201820f1640>, 'Connection to api.telegram.org timed out. (connect timeout=15)'))

During handling of the above exception, another exception occurred:

Traceback (most recent call last):
  File "telebot\__init__.py", line 1110, in infinity_polling
  File "telebot\__init__.py", line 1195, in polling
  File "telebot\__init__.py", line 306, in user
  File "telebot\__init__.py", line 1382, in get_me
  File "telebot\apihelper.py", line 204, in get_me
  File "telebot\apihelper.py", line 162, in _make_request
  File "requests\sessions.py", line 592, in request
  File "requests\sessions.py", line 706, in send
  File "requests\adapters.py", line 666, in send
requests.exceptions.ConnectTimeout: HTTPSConnectionPool(host='api.telegram.org', port=443): Max retries exceeded with url: /bot8785779877:***********************************/getMe (Caused by ConnectTimeoutError(<HTTPSConnection(host='api.telegram.org', port=443) at 0x201820f1640>, 'Connection to api.telegram.org timed out. (connect timeout=15)'))

2026-04-17 15:55:44,351 - ERROR - Infinity polling exception: HTTPSConnectionPool(host='api.telegram.org', port=443): Max retries exceeded with url: /bot8785779877:***********************************/getMe (Caused by ConnectTimeoutError(<HTTPSConnection(host='api.telegram.org', port=443) at 0x201820f1970>, 'Connection to api.telegram.org timed out. (connect timeout=15)'))
2026-04-17 15:55:44,352 - ERROR - Exception traceback:
Traceback (most recent call last):
  File "urllib3\connection.py", line 204, in _new_conn
  File "urllib3\util\connection.py", line 85, in create_connection
  File "urllib3\util\connection.py", line 73, in create_connection
TimeoutError: timed out

The above exception was the direct cause of the following exception:

Traceback (most recent call last):
  File "urllib3\connectionpool.py", line 787, in urlopen
  File "urllib3\connectionpool.py", line 488, in _make_request
  File "urllib3\connectionpool.py", line 464, in _make_request
  File "urllib3\connectionpool.py", line 1093, in _validate_conn
  File "urllib3\connection.py", line 759, in connect
  File "urllib3\connection.py", line 213, in _new_conn
urllib3.exceptions.ConnectTimeoutError: (<HTTPSConnection(host='api.telegram.org', port=443) at 0x201820f1970>, 'Connection to api.telegram.org timed out. (connect timeout=15)')

The above exception was the direct cause of the following exception:

Traceback (most recent call last):
  File "requests\adapters.py", line 645, in send
  File "urllib3\connectionpool.py", line 841, in urlopen
  File "urllib3\util\retry.py", line 535, in increment
urllib3.exceptions.MaxRetryError: HTTPSConnectionPool(host='api.telegram.org', port=443): Max retries exceeded with url: /bot8785779877:***********************************/getMe (Caused by ConnectTimeoutError(<HTTPSConnection(host='api.telegram.org', port=443) at 0x201820f1970>, 'Connection to api.telegram.org timed out. (connect timeout=15)'))

During handling of the above exception, another exception occurred:

Traceback (most recent call last):
  File "telebot\__init__.py", line 1110, in infinity_polling
  File "telebot\__init__.py", line 1195, in polling
  File "telebot\__init__.py", line 306, in user
  File "telebot\__init__.py", line 1382, in get_me
  File "telebot\apihelper.py", line 204, in get_me
  File "telebot\apihelper.py", line 162, in _make_request
  File "requests\sessions.py", line 592, in request
  File "requests\sessions.py", line 706, in send
  File "requests\adapters.py", line 666, in send
requests.exceptions.ConnectTimeout: HTTPSConnectionPool(host='api.telegram.org', port=443): Max retries exceeded with url: /bot8785779877:***********************************/getMe (Caused by ConnectTimeoutError(<HTTPSConnection(host='api.telegram.org', port=443) at 0x201820f1970>, 'Connection to api.telegram.org timed out. (connect timeout=15)'))

